-- phpMyAdmin SQL Dump
-- version 5.0.4
-- https://www.phpmyadmin.net/
--
-- Hôte : localhost:3308
-- Généré le : lun. 23 mai 2022 à 21:57
-- Version du serveur :  5.7.33
-- Version de PHP : 7.4.14

SET SQL_MODE = "NO_AUTO_VALUE_ON_ZERO";
START TRANSACTION;
SET time_zone = "+00:00";


/*!40101 SET @OLD_CHARACTER_SET_CLIENT=@@CHARACTER_SET_CLIENT */;
/*!40101 SET @OLD_CHARACTER_SET_RESULTS=@@CHARACTER_SET_RESULTS */;
/*!40101 SET @OLD_COLLATION_CONNECTION=@@COLLATION_CONNECTION */;
/*!40101 SET NAMES utf8mb4 */;

--
-- Base de données : `gonaya`
--

-- --------------------------------------------------------

--
-- Structure de la table `Film`
--

CREATE TABLE `Film` (
  `id_film` int(15) NOT NULL,
  `titre` varchar(100) NOT NULL,
  `resume` varchar(1000) CHARACTER SET utf16 COLLATE utf16_bin NOT NULL,
  `annee_sortie` int(4) NOT NULL,
  `duree` varchar(10) NOT NULL,
  `image` varchar(200) NOT NULL
) ENGINE=InnoDB DEFAULT CHARSET=latin1;

--
-- Déchargement des données de la table `Film`
--

INSERT INTO `film` (`id_film`, `titre`, `resume`, `annee_sortie`, `duree`, `image`) VALUES
(1, 'Loin du périph', 'Dix ans après avoir fait équipe, Ousmane et François, deux flics que tout oppose, reforment à contrecœur leur tandem de choc. Pas franchement ravis de se retrouver, ils mettent le cap sur une petite ville des Alpes pour enquêter sur un meurtre particulièrement sordide. Mais, alors qu\'ils pensent avoir élucidé l’affaire, Ousmane et François découvrent une réalité bien plus terrifiante ! De surprises en rebondissements, leur escapade loin du périph les pousserait même à s’apprécier…', 2022, '1h 59min', 'https://images.justwatch.com/poster/275311396/s592/loin-du-periph'),
(2, 'Choose or Die', 'In pursuit of an unclaimed $125,000 prize, a broke college dropout decides to play an obscure, 1980s survival computer game. But the game curses her, and she’s faced with dangerous choices and reality-warping challenges. After a series of unexpectedly terrifying moments, she realizes she’s no longer playing for the money but for her life.', 2022, '1h 25min', 'https://images.justwatch.com/poster/271368225/s592/choose-or-die'),
(3, 'The Northman', 'En Islande, le jeune prince Amleth vient tout juste de devenir un homme quand son père est brutalement assassiné par son oncle qui s\'empare alors de la mère du garçon. Amleth fuit son royaume insulaire en barque, en jurant de se venger. Deux décennies plus tard, devenu un berserkr, un guerrier viking capable d\'entrer dans une fureur bestiale, Amleth revient en sa faisant passer pour un esclave afin d\'accomplir son vœu : secourir sa mère, tuer son oncle et venger son père.', 2022, '2h 17min', 'https://images.justwatch.com/poster/272141791/s592/the-northman'),
(4, 'Bubble', 'L\'histoire se déroule à Tokyo, dans un monde inondé de bulles ayant modifié les lois de la gravité. Coupée du reste du monde, Tokyo est devenue le terrain de jeu d\'un groupe de jeunes adeptes de parkour privés de leurs familles, dont les équipes s\'affrontent d\'immeuble en immeuble. Un jour, après une figure périlleuse, Hibiki, jeune prodige connu pour son style de jeu risqué, est propulsé vers l\'océan dénué de gravité qui entoure la ville. Il est sauvé par l\'intervention soudaine d\'Uta, jeune fille aux pouvoirs mystérieux. Tous deux vont alors entendre un son qu\'eux seuls peuvent percevoir. Pourquoi Uta a-t-elle ainsi rejoint Hibiki ? Leur rencontre les mènera à une révélation qui va changer le monde.', 2022, '1h 41min', 'https://images.justwatch.com/poster/268087246/s592/bubble-2022'),
(5, 'The Contractor', 'Après avoir été viré des Marines, James Harper rejoint une organisation paramilitaire afin de subvenir aux besoins de sa famille. Il se rend en Pologne, avec une équipe d\'élite, dans le cadre d\'une mission visant à enquêter sur une menace mystérieuse. Mais Harper se retrouve seul et traqué, au beau milieu de l\'Europe de l\'Est. Il va devoir se battre, pour rester en vie suffisamment longtemps, afin de découvrir les motivations de ceux qui l\'ont trahi.', 2022, '1h 43min', 'https://images.justwatch.com/poster/265699663/s592/violence-of-action'),
(6, 'Gold', 'Deux hommes traversent le désert. Ils découvrent un gisement d\'or, ils élaborent alors un plan pour protéger et extraire leur butin. Un des hommes part à la recherche de l\'équipement nécessaire. L\'autre doit rester sur place. Le temps passe et ce dernier doit affronter les rudes conditions climatiques et les animaux sauvages...', 2022, '1h 37min', 'https://images.justwatch.com/poster/261239159/s592/gold-2021'),
(7, '365 Jours : Au lendemain', 'On retrouve Laura et Massimo dans une histoire plus torride que jamais. Mais leur nouvelle vie va être chamboulée par les liens familiaux de Massimo et l\'irruption d\'un mystérieux étranger déterminé à conquérir le cœur de Laura et à gagner sa confiance, quel que soit le prix à payer.', 2022, '1h 51min', 'https://images.justwatch.com/poster/272876027/s592/365-days-this-day'),
(8, 'Roudram Ranam Rudhiram (RRR)', 'À l\'époque coloniale, en Inde, les anglais enlèvent une jeune fille d\'une communauté tribale. Mais ce qu\'ils ignorent, c\'est que cette tribu a un protecteur : Bheem. Peut-être que soleil ne se couche jamais sur l\'empire britannique. Mais la force est du coté des justes.', 2022, '3h 7min', 'https://images.justwatch.com/backdrop/268369924/s480/raudrn-rnnn-rudhirn'),
(9, 'Adam à travers le temps', 'Après un atterrissage accidentel en 2022, le pilote de chasse Adam Reed, qui voyage dans le temps, fait équipe avec lui-même, âgé de 12 ans, dans le but de sauver l\'avenir.', 2022, '1h 46min', 'https://images.justwatch.com/poster/267451626/s592/the-adam-project'),
(10, 'La Ruse', 'D\'après l\'ouvrage Operation Mincemeat de Ben Macintyre.  1943, les Alliés sont déterminés à lancer un assaut l\'Europe tenue par les nazis. Deux brillants officiers du renseignement, Ewen Montagu et Charles Cholmondeley, imaginent une stratégie de désinformation improbable pour aider la cause.', 2022, '2h 8min', 'https://images.justwatch.com/poster/277565183/s592/operation-mincemeat'),
(11, 'Le Couteau par la lame', 'Un soir, dans la charmante ville de Carmel, deux ex-amants se retrouvent. Les deux anciens espions de la CIA se rappellent leurs belles années et leurs mauvais souvenirs, notamment la sanglante prise d\'otages du Vol 127. La vraie question est : Henry est-il venu dîner pour faire renaître la flamme éteinte... ou mettre à jour une vieille conspiration ? Un des deux ex amants pourrait ne pas sortir de table vivant.', 2022, '1h 41min', 'https://images.justwatch.com/poster/270414249/s592/all-the-old-knives'),
(12, 'Senior Year', 'Une pom-pom girl se réveille après un coma de 20 ans et retourne au lycée pour tenter de retrouver son statut et gagner la couronne de reine du bal qui lui a échappé.', 2022, '1h 53min', 'https://images.justwatch.com/backdrop/270870342/s480/senior-year'),
(13, 'X', 'Dans une ferme isolée du Texas, une équipe de tournage arrive pour réaliser un film pornographique. Leurs hôtes, un vieux couple reclus, s\'intéressent particulièrement à leurs jeunes invités. À la tombée de la nuit, l\'intérêt du couple devient violent.', 2022, '1h 46min', 'https://images.justwatch.com/poster/271367671/s592/x'),
(14, 'Silverton Siege', 'Les tensions s\'exacerbent lorsqu\'un braquage de banque tourne mal après une grève anti-apartheid. Adapté d\'une histoire vraie.', 2022, '1h 40min', 'https://images.justwatch.com/backdrop/273002815/s480/silverton-siege'),
(15, 'En corps', 'Elise, a very promising classical dancer, is injured during a performance at 26 years old. Although she\'s told she will no longer be able to dance, she will try to find a new direction in contemporary dance.', 2022, '1h 57min', 'https://images.justwatch.com/poster/272204167/s592/en-corps'),
(16, 'Metal Lords', 'For teenage misfits Hunter and Kevin, the path to glory is clear: Devote themselves to metal. Win Battle of the Bands. And be worshipped like gods.', 2022, '1h 37min', 'https://images.justwatch.com/poster/270367377/s592/metal-lords'),
(17, 'Le Mystère Marilyn Monroe : Conversations inédites', 'Ce documentaire explore le mystère entourant la mort de l\'icône du cinéma Marilyn Monroe au travers de témoignages inédits de personnes de son entourage proche.', 2022, '1h 41min', 'https://images.justwatch.com/backdrop/273004257/s480/le-mystere-marilyn-monroe-conversations-inedites'),
(18, 'Eaux Profondes', 'Vic et Melinda Van Allen est un couple aisé de la Nouvelle-Orléans dont le mariage s\'écroule sous le poids de la rancœur, de la jalousie et du doute. Alors que leurs provocations et manipulations mutuelles s\'intensifient, les choses se transforment rapidement en un jeu du chat et de la souris mortel lorsque les amants de Melinda commencent à disparaître.', 2022, '1h 56min', 'https://images.justwatch.com/poster/268659625/s592/eaux-profondes-2021'),
(19, 'Fresh', 'Noa fait la connaissance de Steve dans une épicerie. Refroidie par les applications de rencontres, elle accepte sur un coup de tête de lui donner son numéro. Après un premier rendez-vous, elle tombe sous le charme de cet homme très séduisant et accepte de partir avec lui en amoureux le temps d’un week-end. Elle va vite découvrir que son nouvel amant a un appétit insatiable… et peu commun !', 2022, '1h 54min', 'https://images.justwatch.com/poster/265324176/s592/fresh-2022'),
(20, 'En attendant Bojangles', 'Camille et Georges dansent tout le temps sur leur chanson préférée Mr Bojangles. Chez eux, il n\'y a de place que pour le plaisir, la fantaisie et les amis. Jusqu\'au jour où la mère va trop loin, contraignant Georges et leur fils Gary à tout faire pour éviter l\'inéluctable coûte que coûte.', 2022, '2h 4min', 'https://images.justwatch.com/poster/259005694/s592/en-attendant-bojangles'),
(21, 'Crush', 'Une artiste en herbe est contrainte de rejoindre l\'équipe d\'athlétisme de son lycée, profitant de l\'occasion pour poursuivre la fille pour laquelle elle a le béguin depuis longtemps. Plus tard, cependant, elle tombe amoureuse d\'un coéquipier inattendu et découvre alors ce qu\'est le véritable amour.', 2022, '1h 32min', 'https://images.justwatch.com/backdrop/272919953/s480/crush-2022'),
(22, 'Spider-Man: No Way Home', 'Après les événements liés à l\'affrontement avec Mysterio, l\'identité secrète de Spider-Man a été révélée. Il est poursuivi par le gouvernement américain, qui l\'accuse du meurtre de Mysterio, et traqué par les médias. Cet événement a également des conséquences terribles sur la vie de sa petite-amie M.J. et de son meilleur ami Ned. Désemparé, Peter Parker demande alors de l\'aide au docteur Strange. Ce dernier lance un sort pour que tout le monde oublie que Peter est Spider-Man. Mais les choses ne se passent pas comme prévu, et cette action altère la stabilité de l\'espace-temps. Cela ouvre le « multivers », un concept terrifiant dont ils ne savent quasiment rien...', 2021, '2h 28min', 'https://images.justwatch.com/poster/258253985/s592/spider-man-no-way-home'),
(23, 'Venom: Let There Be Carnage', 'Environ un an après avoir affronté Riot, Eddie Brock « cohabite » toujours avec le symbiote Venom. Alors qu’il tente de relancer sa carrière de journaliste d\'investigation, Eddie se rend en prison pour interviewer le tueur en série Cletus Kasady. Il ignore que ce dernier est lui aussi l\'hôte d\'un symbiote, Carnage.', 2021, '1h 37min', 'https://images.justwatch.com/poster/258682633/s592/venom-2'),
(24, 'Dune', 'L\'histoire de Paul Atreides, jeune homme aussi doué que brillant, voué à connaître un destin hors du commun qui le dépasse totalement. Car, s\'il veut préserver l\'avenir de sa famille et de son peuple, il devra se rendre sur Dune, la planète la plus dangereuse de l\'Univers. Mais aussi la seule à même de fournir la ressource la plus précieuse capable de décupler la puissance de l\'Humanité. Tandis que des forces maléfiques se disputent le contrôle de cette planète, seuls ceux qui parviennent à dominer leur peur pourront survivre…', 2021, '2h 36min', 'https://images.justwatch.com/poster/250557745/s592/dune-2020'),
(25, 'Barbaque', 'Vincent et Sophie sont bouchers. Leur commerce, tout comme leur couple, est en crise. Mais tout va basculer le jour où Vincent tue accidentellement un végan militant qui a saccagé leur boucherie... Pour se débarrasser du corps, il en fait un jambon que sa femme va vendre par mégarde. Jamais jambon n\'avait connu tel succès ! L\'idée de recommencer pourrait bien les titiller...', 2021, '1h 27min', 'https://images.justwatch.com/poster/251526042/s592/barbaque'),
(26, 'Matrix Resurrections', 'Dix-huit ans après les événements de Matrix Revolutions, Thomas A. Anderson (alias Neo) ne se souvient plus de rien et mène une vie d\'apparence normale à San Francisco. Il se rend régulièrement chez un psychiatre à qui il raconte ses rêves étranges et qui lui prescrit des pilules bleues. Après la réapparition de visages familiers et en quête de réponses, Neo repart à la recherche du lapin blanc. Il rencontre un certain Morpheus, qui lui offre le choix entre rester dans la Matrice et prendre son envol.', 2021, '2h 28min', 'https://images.justwatch.com/poster/257951434/s592/matrix-resurrections'),
(27, 'Les Éternels', 'LES ÉTERNELS de Marvel Studios suit un groupe de héros venus des confins du cosmos qui ont veillé sur la Terre depuis l’aube de l’Humanité. La réapparition mystérieuse des Déviants, des créatures monstreuses censées avoir disparu depuis des siècles, contraint les Éternels à se retrouver pour défendre une fois de plus l’Humanité.', 2021, '2h 36min', 'https://images.justwatch.com/poster/268368813/s592/eternals'),
(28, 'Free Guy', 'Un employé de banque, découvrant un jour qu’il n’est en fait qu’un personnage d’arrière-plan dans un jeu vidéo en ligne, décide de devenir le héros de sa propre histoire, quitte à la réécrire. Évoluant désormais dans un monde qui ne connaît pas de limites, il va tout mettre en œuvre pour le sauver à sa manière, avant qu’il ne soit trop tard…', 2021, '1h 55min', 'https://images.justwatch.com/poster/249525357/s592/free-guy'),
(29, 'Cruella', 'Londres, années 70, en plein mouvement punk rock. Escroc pleine de talent, Estella est résolue à se faire un nom dans le milieu de la mode. Elle se lie d’amitié avec deux jeunes vauriens qui apprécient ses compétences d’arnaqueuse et mène avec eux une existence criminelle dans les rues de Londres. Un jour, ses créations se font remarquer par la baronne von Hellman, une grande figure de la mode, terriblement chic et horriblement snob. Mais leur relation va déclencher une série de révélations qui amèneront Estella à se laisser envahir par sa part sombre, au point de donner naissance à l’impitoyable Cruella, une brillante jeune femme assoiffée de mode et de vengeance…', 2021, '2h 14min', 'https://images.justwatch.com/poster/250567500/s592/cruella'),
(30, 'Boîte noire', 'Que s’est-il passé à bord du vol Dubaï-Paris avant son crash dans le massif alpin? Technicien au BEA, autorité responsable des enquêtes de sécurité dans l’aviation civile, Mathieu Vasseur est propulsé enquêteur en chef sur une catastrophe aérienne sans précédent. Erreur de pilotage? Défaillance technique? Acte terroriste? L’analyse minutieuse des boîtes noires va pousser Mathieu à mener en secret sa propre investigation. Il ignore encore jusqu’où va le mener sa quête de vérité...', 2021, '2h 9min', 'https://images.justwatch.com/poster/250896866/s592/boite-noire'),
(31, 'Eiffel', 'Venant tout juste de terminer sa collaboration sur la Statue de la Liberté, Gustave Eiffel est au sommet de sa carrière. Le gouvernement français veut qu’il crée quelque chose de spectaculaire pour l’Exposition Universelle de 1889 à Paris, mais Eiffel ne s’intéresse qu’au projet de métropolitain. Tout bascule lorsqu\'il recroise son amour de jeunesse. Leur relation interdite l’inspire à changer l’horizon de Paris pour toujours.', 2021, '1h 48min', 'https://images.justwatch.com/poster/246956292/s592/eiffel'),
(32, 'The King’s Man : Première Mission', 'En 1902, l\'aristocrate Orlando, duc d\'Oxford, perd sa femme Emily lors d\'une mission humanitaire en Afrique du Sud lors de la seconde guerre des Boers ; leur jeune fils Conrad assiste lui aussi à sa mort. Douze ans plus tard, le pacifiste convaincu Orlando sent qu\'un conflit mondial menace. Il tente par ailleurs de dissuader son fils, âgé de 18 ans, de s\'engager dans l\'armée britannique. Il a imploré son grand ami, le secrétaire d\'État à la Guerre Horatio Herbert Kitchener, de bloquer sa demande d\'incorporation. Aidé par ses domestiques Shola et Polly, le duc a par ailleurs créé un réseau d\'espionnage mondial et se renseigne sur la menace qui plane sur l\'Europe. En effet, dans l\'ombre, une mystérieuse organisation souhaite renverser l\'ordre mondial.', 2021, '2h 11min', 'https://images.justwatch.com/poster/264707619/s592/the-kings-man-premiere-mission'),
(33, 'Drive My Car', 'Adaptation d\'un extrait du recueil Des hommes sans femmes de Haruki Murakami.  Alors qu\'il n\'arrive toujours pas à se remettre d\'un drame personnel, Yusuke Kafuku, acteur et metteur en scène de théâtre, accepte de monter Oncle Vania dans un festival, à Hiroshima. Il y fait la connaissance de Misaki, une jeune femme réservée qu\'on lui a assignée comme chauffeure. Au fil des trajets, la sincérité croissante de leurs échanges les oblige à faire face à leur passé.', 2021, '2h 59min', 'https://images.justwatch.com/poster/248817850/s592/drive-my-car-2021'),
(34, 'Les Tuche 4', 'Après avoir démissionné de son poste de président de la république, Jeff et sa famille sont heureux de retrouver leur village de Bouzolles. À l’approche des fêtes de fin d’année, Cathy demande un unique cadeau : renouer les liens avec sa sœur Maguy, et son mari Jean-Yves avec qui Jeff est fâché depuis 10 ans… La réconciliation aurait pu se dérouler sans problème, sauf que lors d’un déjeuner, Jeff et Jean-Yves, vont une nouvelle fois trouver un sujet de discorde : NOËL. Cette querelle familiale qui n’aurait jamais dû sortir de Bouzolles va se transformer en bras de fer entre Jeff et un géant de la distribution sur Internet.', 2021, '1h 41min', 'https://images.justwatch.com/poster/253357056/s592/les-tuche-4'),
(35, 'Old', 'En vacances dans les tropiques, une famille s’arrête pour quelques heures sur un atoll isolé où ils découvrent avec effroi que leur vieillissement y est drastiquement accéléré et que leur vie entière va se retrouver réduite à cette ultime journée.', 2021, '1h 48min', 'https://images.justwatch.com/poster/248498822/s592/old'),
(36, 'Shang-Chi et la Légende des Dix Anneaux', 'Shang-Chi va devoir affronter un passé qu’il pensait avoir laissé derrière lui lorsqu’il est pris dans la toile de la mystérieuse organisation des dix anneaux.', 2021, '2h 12min', 'https://images.justwatch.com/poster/250515236/s592/shang-chi-and-the-legend-of-the-ten-rings'),
(37, 'S.O.S. Fantômes : L’Héritage', 'Une mère célibataire et ses deux enfants s\'installent dans une petite ville et découvrent peu à peu leur relation avec les chasseurs de fantômes et l\'héritage légué par leur grand-père.', 2021, '2h 4min', 'https://images.justwatch.com/poster/256791313/s592/s-o-s-fantomes-lheritage'),
(38, 'Waldo, détective privé', 'Charlie Waldo s’est fait virer avec perte et fracas de la police de Los Angeles. Il mène depuis une existence paisible au fin fond des bois, loin du monde. Sa vie solitaire s’achève lorsqu’un détective privé l’engage pour l’aider à enquêter sur le meurtre de l’épouse d’une vedette d’une série TV judiciaire. C’est, pour Charlie Waldo, un retour choc dans le monde d’Hollywood, avec ses intrigues de couloirs, ses relations sulfureuses et ses stars capricieuses. Bienvenue en enfer !', 2021, '1h 51min', 'https://images.justwatch.com/poster/263745174/s592/waldo'),
(39, 'Pleasure', 'Une jeune suédoise de 20 ans arrive à Los Angeles dans le but de faire carrière dans l’industrie du porno. Sa détermination et son ambition la propulsent au sommet d’un monde où le plaisir cède vite la place au risque et à la toxicité.', 2021, '1h 48min', 'https://images.justwatch.com/poster/271990407/s592/pleasure-2021'),
(40, 'Sans un bruit 2', 'Après les événements mortels survenus dans sa maison, la famille Abbot doit faire face au danger du monde extérieur. Pour survivre, ils doivent se battre en silence. Forcés à s’aventurer en terrain inconnu, ils réalisent que les créatures qui attaquent au moindre son ne sont pas la seule menace qui se dresse sur leur chemin...', 2021, '1h 37min', 'https://images.justwatch.com/poster/247345483/s592/untitled-a-quiet-place-sequel'),
(41, 'OSS 117 : Alerte rouge en Afrique noire', '1981. Hubert Bonisseur de La Bath, alias OSS 117, est de retour. Pour cette nouvelle mission, plus délicate, plus périlleuse et plus torride que jamais, il est contraint de faire équipe avec un jeune collègue, le prometteur OSS 1001.', 2021, '1h 57min', 'https://images.justwatch.com/poster/239970172/s592/oss-117-alerte-rouge-en-afrique-noire'),
(42, 'Escape Game 2 : Le monde est un piège', 'Six personnes se retrouvent coincées à leur insu dans une autre série de jeux d\'évasion et découvrent petit à petit ce qu\'elles ont en commun pour les aider à survivre : que dans le passé, chacune d\'entre elles a déjà eu à participer à ce jeu. Le groupe devra à nouveau déjouer les pièges mortels et s\'en sortir vivant.', 2021, '1h 28min', 'https://images.justwatch.com/poster/256848172/s592/escape-game-2'),
(43, 'Black Widow', 'Natasha Romanoff, alias Black Widow, voit resurgir la part la plus sombre de son passé pour faire face à une redoutable conspiration liée à sa vie d’autrefois. Poursuivie par une force qui ne reculera devant rien pour l’abattre, Natasha doit renouer avec ses activités d’espionne et avec des liens qui furent brisés, bien avant qu’elle ne rejoigne les Avengers.', 2021, '2h 14min', 'https://images.justwatch.com/poster/248237633/s592/black-widow-2020'),
(44, 'The Suicide Squad', 'Bienvenue en enfer - aka Belle Reve, la prison dotée du taux de mortalité le plus élevé des États-Unis d\'Amérique. Là où sont détenus les pires super-vilains, qui feront tout pour en sortir - y compris rejoindre la super secrète et la super louche Task Force X. La mission mortelle du jour ? Assemblez une belle collection d\'escrocs, et notamment Bloodsport, Peacemaker, Captain Boomerang, Ratcatcher 2, Savant, King Shark, Blackguard, Javelin et la psychopathe préférée de tous : Harley Quinn. Armez-les lourdement et jetez-les (littéralement) sur l\'île lointaine et bourrée d\'ennemis de Corto Maltese. Traversant une jungle qui grouille d\'adversaires et de guerilleros à chaque tournant, l\'Escouade est lancée dans une mission de recherche et de destruction, avec le seul Colonel Rick Flag pour les encadrer sur le terrain et la technologie du gouvernement dans leurs oreilles, afin qu\'Amanda Waller puisse suivre le moindre de leurs mouvements.', 2021, '2h 12min', 'https://images.justwatch.com/poster/249540656/s592/the-suicide-squad'),
(45, 'Jungle Cruise', 'Sur le fleuve Amazone, le capitaine d\'un bateau embarque à bord une scientifique et son frère dans le but de retrouver un arbre auquel on prête des pouvoirs guérisseurs. Le trio va croiser de nombreux obstacles sur sa route, notamment une expédition concurrente.', 2021, '2h 7min', 'https://images.justwatch.com/poster/250537198/s592/jungle-cruise'),
(46, 'Last Night in Soho', 'L’histoire d’une jeune femme passionnée de mode et de design qui parvient mystérieusement à retourner dans les années 60 où elle rencontre son idole, une éblouissante jeune star montante. Mais le Londres des années 60 n’est pas ce qu’il parait, et le temps semble se désagréger entraînant de sombres répercussions.', 2021, '1h 57min', 'https://images.justwatch.com/poster/251566709/s592/last-night-in-soho'),
(47, 'Fortress', 'Dans un lieu de villégiature top secret réservé aux agents de renseignement américains à la retraite, un groupe de criminels, dirigé par Balzary, s\'introduit dans l\'enceinte, bien décidé à se venger de Robert, obligeant le retraité et son fils à reprendre du service.', 2021, '1h 40min', 'https://images.justwatch.com/poster/272779380/s592/fortress-2021'),
(48, 'House of Gucci', 'À la fin des années 1970, l’empire italien de la mode est à un tournant critique de son histoire. Si l’entreprise rayonne désormais à l’international, elle est handicapée par des rumeurs de malversations financières, une innovation en berne et une dévalorisation de la marque. Le groupe est dirigé par les deux fils du fondateur – Aldo, personnage rusé et haut en couleur, et son frère Rodolfo, beaucoup plus froid et traditionnel. Pugnace, Aldo n’a pas la moindre intention de céder le contrôle de l’empire à qui que ce soit – et certainement pas à son fils Paolo, garçon fantaisiste qui aspire à devenir styliste. Quant à Maurizio, fils timide et surprotégé de Rodolfo, il a davantage envie d’étudier le droit que de diriger un groupe de luxe mondialisé. C’est alors que Maurizio tombe amoureux de la ravissante et manipulatrice Patrizia Reggiani et, contre l’avis de son père, décide de l’épouser.', 2021, '2h 37min', 'https://images.justwatch.com/poster/272553103/s592/house-of-gucci'),
(49, 'Illusions perdues', 'Lucien est un jeune poète inconnu dans la France du XIXème siècle. Il a de grandes espérances et veut se forger un destin. Il quitte l\'imprimerie familiale de sa province natale pour tenter sa chance à Paris, au bras de sa protectrice. Bientôt livré à lui-même dans la ville fabuleuse, le jeune homme va découvrir les coulisses d\'un monde voué à la loi du profit et des faux-semblants. Une comédie humaine où tout s\'achète et se vend, la littérature comme la presse, la politique comme les sentiments, les réputations comme les âmes. Il va aimer, il va souffrir, et survivre à ses illusions.', 2021, '2h 29min', 'https://images.justwatch.com/poster/250041518/s592/comedie-humaine'),
(50, 'Nobody', 'Hutch Mansell, un père et un mari frustré, totalement déconsidéré par sa famille, se contente d’encaisser les coups, sans jamais les rendre. Il n’est rien. Une nuit, alors que deux cambrioleurs pénètrent chez lui, il fait le choix de ne pas intervenir, plutôt que de risquer une escalade sanglante. Une décision qui le discrédite définitivement aux yeux de son fils Blake, et qui semble l’éloigner encore plus de sa femme Becca. Cet incident réveille chez cet homme blessé des instincts larvés qui vont le propulser sur une voie violente, révélant des zones d’ombres et des compétences létales insoupçonnées. Dans une avalanche de coups de poings, de fusillades et de crissements de pneus, il va tout faire pour tirer sa famille des griffes d’un redoutable ennemi et s’assurer que, plus jamais, personne ne le prenne pour un moins que rien.', 2021, '1h 32min', 'https://images.justwatch.com/poster/248319158/s592/nobody'),
(51, 'Le Dernier Duel', 'Basé sur des événements réels, le film dévoile d’anciennes hypothèses sur le dernier duel judiciaire connu en France - également nommé « Jugement de Dieu » - entre Jean de Carrouges et Jacques Le Gris, deux amis devenus au fil du temps des rivaux acharnés. Carrouges est un chevalier respecté, connu pour sa bravoure et son habileté sur le champ de bataille. Le Gris est un écuyer normand dont l\'intelligence et l\'éloquence font de lui l\'un des nobles les plus admirés de la cour. Lorsque Marguerite, la femme de Carrouges, est violemment agressée par Le Gris - une accusation que ce dernier récuse - elle refuse de garder le silence, n’hésitant pas à dénoncer son agresseur et à s’imposer dans un acte de bravoure et de défi qui met sa vie en danger. L\'épreuve de combat qui s\'ensuit - un éprouvant duel à mort - place la destinée de chacun d’eux entre les mains de Dieu.', 2021, '2h 32min', 'https://images.justwatch.com/poster/255799261/s592/the-last-duel'),
(52, 'Candyman', 'Remake du film d\'épouvante Candyman, dont le scénario a été écrit par Bernard Rose (1992), d\'après la nouvelle de Clive Barker, The Forbidden.  Les habitants de Cabrini Green, une des cités les plus insalubres de Chicago, ont toujours fait circuler une effroyable légende. Cette légende est celle d’un tueur tout droit sorti de l’enfer, ayant un crochet en guise de main, qui pourrait apparemment être invoqué, très facilement, par qui l’oserait : il suffit de répéter son nom cinq fois devant un miroir. Dix ans après la destruction de la dernière tours de Cabrini Green, l’ancienne cité a été complètement nettoyée et reconvertie en résidence réservée à une classe sociale jeune et aisée. C’est là que l’artiste peintre Anthony McCoy et sa petite amie Cartwright, directrice de galerie d’art, emménagent dans un luxueux appartement.', 2021, '1h 31min', 'https://images.justwatch.com/poster/251583908/s592/candyman-2020'),
(53, 'West Side Story', 'Dans les années 1950, deux bandes de jeunes s\'affrontent pour le contrôle d\'un quartier défavorisé de l\'Upper West Side en pleine gentrification. Il y d\'un côté les immigrés portoricains des Sharks, dirigés par Bernardo et de l\'autre les Américains des Jets, avec Riff à leur tête. Récemment sorti de prison, Tony, lié aux Jets, en a marre de cette violence quotidienne. Il préfère travailler dans la boutique de Valentina, veuve de Doc. Un jour, lors d\'une soirée dansante au lycée, Tony tombe sous le charme de María, la sœur de Bernardo. Cependant, du fait de leur appartenance à ces bandes opposées, il s’agit d’un amour impossible.', 2021, '2h 37min', 'https://images.justwatch.com/poster/254839323/s592/west-side-story-2020'),
(54, 'La Méthode Williams', 'Focus sur la personnalité de l\'entraîneur de tennis Richard Williams, père des joueuses mondiales Vénus et Serena. Il n\'avait aucune expérience dans le sport mais lorsque ses filles ont eu quatre ans, il a élaboré un plan de 78 pages décrivant l\'entraînement des futures championnes. Les sœurs Williams sont devenues deux des plus grandes joueuses de l\'histoire du tennis. Serena est sans conteste la meilleure tenniswoman de tous les temps, avec 23 victoires en tournois du Grand Chelem. Venus Williams a remporté sept titres en Grand Chelem.', 2021, '2h 19min', 'https://images.justwatch.com/poster/259380079/s592/king-richard'),
(55, 'Julie (en 12 chapitres)', 'Julie, bientôt 30 ans, n’arrive pas à se fixer dans la vie. Alors qu’elle pense avoir trouvé une certaine stabilité auprès d’Aksel, 45 ans, auteur à succès, elle rencontre le jeune et séduisant Eivind.', 2021, '2h 8min', 'https://images.justwatch.com/poster/267287852/s592/julie-en-12-chapitres'),
(56, 'Licorice Pizza', '1973, dans la région de Los Angeles. Alana Kane et Gary Valentine font connaissance le jour de la photo de classe au lycée du garçon. Alana n’est plus lycéenne, mais tente de trouver sa voie tout en travaillant comme assistante du photographe. Gary, lui, a déjà une expérience d’acteur, ce qu’il s’empresse de dire à la jeune fille pour l’impressionner. Amusée et intriguée par son assurance hors normes, elle accepte de l’accompagner à New York pour une émission de télévision. Mais rien ne se passe comme prévu…', 2021, '2h 13min', 'https://images.justwatch.com/poster/259430536/s592/licorice-pizza'),
(57, 'Meilleurs ennemis', 'Bien décidée à réussir professionnellement sans compromettre son sens de l’éthique, Lucy se lance dans un jeu impitoyable de surenchère contre Joshua, son ambitieux collègue de bureau. Mais son attirance croissante pour cet homme qu’elle aime détester va venir compliquer leur rivalité.', 2021, '1h 42min', 'https://images.justwatch.com/poster/274623977/s592/the-hating-game'),
(58, 'The Power of the Dog', 'Originaires du Montana, les frères Phil et George Burbank sont diamétralement opposés. Autant Phil est raffiné, brillant et cruel – autant George est flegmatique, méticuleux et bienveillant. À eux deux, ils sont à la tête du plus gros ranch de la vallée du Montana. Une région, loin de la modernité galopante du XXème siècle, où les hommes assument toujours leur virilité et où l\'on vénère la figure de Bronco Henry, le plus grand cow-boy que Phil ait jamais rencontré. Lorsque George épouse en secret Rose, une jeune veuve, Phil, ivre de colère, se met en tête d\'anéantir celle-ci. Il cherche alors à atteindre Rose en se servant de son fils Peter, garçon sensible et efféminé, comme d\'un pion dans sa stratégie sadique et sans merci…', 2021, '2h 6min', 'https://images.justwatch.com/poster/256740040/s592/le-pouvoir-du-chien'),
(59, 'Titane', 'Après une série de crimes inexpliqués, un père retrouve son fils disparu depuis 10 ans. Titane : métal hautement résistant à la chaleur et à la corrosion, donnant des alliages très durs.', 2021, '1h 48min', 'https://images.justwatch.com/poster/247963944/s592/titane'),
(60, 'Sonic, le film', 'L\'histoire du hérisson bleu le plus rapide du monde qui arrive sur Terre, sa nouvelle maison. Sonic et son nouveau meilleur ami Tom font équipe pour sauver la planète du diabolique Dr. Robotnik, bien déterminé à régner sur le monde entier.', 2020, '1h 39min', 'https://images.justwatch.com/poster/175381492/s592/sonic-the-hedgehog'),
(61, 'Mourir peut attendre', 'James Bond a quitté les services secrets et coule des jours heureux en Jamaïque. Mais sa tranquillité est de courte durée car son vieil ami Felix Leiter de la CIA débarque pour solliciter son aide : il s\'agit de sauver un scientifique qui vient d\'être kidnappé. Mais la mission se révèle bien plus dangereuse que prévu et Bond se retrouve aux trousses d\'un mystérieux ennemi détenant de redoutables armes technologiques…', 2020, '2h 43min', 'https://images.justwatch.com/poster/247228965/s592/mourir-peut-attendre'),
(62, 'BAC Nord', '2012. Les quartiers Nord de Marseille détiennent un triste record : la zone au taux de criminalité le plus élevé de France. Poussée par sa hiérarchie, la BAC Nord, brigade de terrain, cherche sans cesse à améliorer ses résultats. Dans un secteur à haut risque, les flics adaptent leurs méthodes, franchissant parfois la ligne jaune. Jusqu\'au jour où le système judiciaire se retourne contre eux…', 2020, '1h 45min', 'https://images.justwatch.com/poster/239936916/s592/bac-nord'),
(63, 'Anti-Life', 'Un mécanicien endurci doit rester éveillé et entretenir une arche interstellaire, qui fuit la planète Terre, mourante, avec quelques milliers d’âmes chanceuses à bord... le dernier espoir de l’humanité. Malheureusement, les humains ne sont pas les seuls passagers. Une créature extraterrestre métamorphe a élu domicile. Son seul but est de tuer autant de personnes que possible. L’équipage doit réfléchir, rapidement, afin de stopper cette menace, avant qu’elle ne détruise l’humanité.', 2020, '1h 32min', 'https://images.justwatch.com/poster/243592287/s592/anti-life'),
(64, 'Demon Slayer : Kimetsu no Yaiba - Le film : Le train de l\'Infini', 'Le groupe de Tanjirô a terminé son entraînement de récupération au domaine des papillons et embarque à présent en vue de sa prochaine mission à bord du train de l\'infini, d\'où quarante personnes ont disparu en peu de temps. Tanjirô et Nezuko, accompagnés de Zen\'itsu et Inosuke, s\'allient à l\'un des plus puissants épéistes de l\'armée des pourfendeurs de démons, le Pilier de la Flamme Kyôjurô Rengoku, afin de contrer le démon qui a engagé le train de l\'Infini sur une voie funeste.', 2020, '1h 57min', 'https://images.justwatch.com/poster/245146221/s592/demon-slayer-le-train-de-linfini'),
(65, 'Run', 'Une adolescente, qui a passé sa vie reclue avec sa mère, découvre le terrible secret que cette dernière lui cache depuis de nombreuses années. La vie idyllique de l\'adolescente bascule...', 2020, '1h 29min', 'https://images.justwatch.com/poster/249961774/s592/run-2020'),
(66, 'Drunk', 'Quatre amis décident de mettre en pratique la théorie d’un psychologue norvégien selon laquelle l’homme aurait dès la naissance un déficit d’alcool dans le sang. Avec une rigueur scientifique, chacun relève le défi en espérant tous que leur vie n’en sera que meilleure! Si dans un premier temps les résultats sont encourageants, la situation devient rapidement hors de contrôle.', 2020, '1h 57min', 'https://images.justwatch.com/poster/250035164/s592/drunk'),
(67, 'The Father', 'Alors qu\'il vieillit et devient de moins en moins autonome, un père refuse l\'aide de sa fille. Voyant la situation se dégrader, il commence à douter de ses proches, de son propre esprit et même de ce qui est réel.', 2020, '1h 37min', 'https://images.justwatch.com/poster/251791361/s592/the-father-2020'),
(68, 'The Godfather, Coda: The Death of Michael Corleone', 'Francis Ford Coppola is developing a new version of ‘The Godfather 3’ titled ‘THE GODFATHER, CODA: THE DEATH OF MICHAEL CORLEONE’  The film will have a new beginning, ending & rearranged scenes;  Coppola says it is a “more appropriate conclusion”', 2020, '2h 52min', 'https://images.justwatch.com/backdrop/238697912/s480/the-godfather-coda-the-death-of-michael-corleone'),
(69, '365 jours', 'Massimo est membre de la mafia sicilienne et Laura est directrice des ventes. Cette dernière ne se doute pas de ce qui l\'attend lors d\'un voyage en Sicile destiné à sauver son couple : Massimo la kidnappe et lui donne 365 jours pour qu\'elle tombe amoureuse de lui.', 2020, '1h 54min', 'https://images.justwatch.com/backdrop/175837099/s480/365-dni'),
(70, 'Sound of Metal', 'Ruben et Lou, ensemble à la ville comme à la scène, sillonnent les États-Unis entre deux concerts. Un soir, Ruben est gêné par des acouphènes, et un médecin lui annonce qu\'il sera bientôt sourd. Désemparé, et face à ses vieux démons, Ruben va devoir prendre une décision qui changera sa vie à jamais.', 2020, '2h 1min', 'https://images.justwatch.com/poster/241341941/s592/sound-of-metal'),
(71, 'L\'origine du monde', 'Jean-Louis réalise en rentrant chez lui que son cœur s\'est arrêté. Plus un seul battement dans sa poitrine, aucun pouls, rien. Pourtant, il est conscient, il parle, se déplace. Est-il encore vivant ? Est-il déjà mort ? Ni son ami vétérinaire Michel, ni sa femme Valérie ne trouvent d\'explication à cet étrange phénomène. Alors que Jean-Louis panique, Valérie se tourne vers Margaux, sa coach de vie, un peu gourou, pas tout à fait marabout, mais très connectée aux forces occultes. Et elle a une solution qui va mettre Jean-Louis face au tabou ultime...', 2020, '1h 38min', 'https://images.justwatch.com/poster/250542489/s592/lorigine-du-monde-2020-0'),
(72, 'Aline', 'Québec, fin des années 60, Sylvette et Anglomard accueillent leur 14ème enfant : Aline. Dans la famille Dieu, la musique est reine et quand Aline grandit on lui découvre un don, elle a une voix en or. Lorsqu’il entend cette voix, le producteur de musique Guy-Claude n’a plus qu’une idée en tête… faire d’Aline la plus grande chanteuse au monde. Épaulée par sa famille et guidée par l’expérience puis l’amour naissant de Guy-Claude, ils vont ensemble écrire les pages d’un destin hors du commun.', 2020, '2h 6min', 'https://images.justwatch.com/poster/258900145/s592/dis-moi-celine'),
(73, 'Nomadland', 'Après avoir tout perdu pendant la Grande Récession, une sexagénaire se lance dans un voyage à travers l\'Ouest américain, vivant comme un nomade des temps modernes.', 2020, '1h 48min', 'https://images.justwatch.com/poster/253859148/s592/nomadland'),
(74, 'Les chasseurs de la nuit', 'Profitant de l’absence de leurs parents, trois adolescentes décident d’organiser une fête dans leur nouvelle maison en pleine campagne. Lorsqu’elles sont la cible de jeunes délinquants du village, elles appellent la police. Mais lorsque cette dernière arrive, le shérif local fait une macabre découverte concernant les lieux...', 2020, '1h 21min', 'https://images.justwatch.com/backdrop/177512875/s480/hunters-moon'),
(75, 'Wonder Woman 1984', 'Suite des aventures de Diana Prince, alias Wonder Woman, Amazone devenue une super-héroïne dans notre monde. Après la Première guerre mondiale, direction les années 80 ! Cette fois, Wonder Woman doit affronter deux nouveaux ennemis, particulièrement redoutables : Max Lord et Cheetah.', 2020, '2h 31min', 'https://images.justwatch.com/poster/242012264/s592/wonder-woman-1984'),
(76, 'Un triomphe', 'Un acteur en galère accepte pour boucler ses fins de mois d\'animer un atelier théâtre en prison. Surpris par les talents de comédien des détenus, il se met en tête de monter avec eux une pièce sur la scène d’un vrai théâtre. Commence alors une formidable aventure humaine.', 2020, '1h 45min', 'https://images.justwatch.com/poster/246795959/s592/un-triomphe'),
(77, 'Adieu les cons', 'Lorsque Suze Trappet apprend à 43 ans qu\'elle est sérieusement malade, elle décide de partir à la recherche de l\'enfant qu\'elle a été forcée d\'abandonner quand elle avait 15 ans. Sa quête administrative va lui faire croiser JB, quinquagénaire en plein burn out, et M. Blin, archiviste aveugle d\'un enthousiasme impressionnant.  À eux trois, ils se lancent dans une quête aussi spectaculaire qu\'improbable.', 2020, '1h 27min', 'https://images.justwatch.com/poster/208454480/s592/adieu-les-cons'),
(78, 'Birds of Prey et la fantabuleuse histoire de Harley Quinn', 'Vous connaissez l’histoire du flic, de l’oiseau chanteur, de la cinglée et de la princesse mafieuse ?  Birds of Prey et la fantabuleuse histoire de Harley Quinn est une histoire déjantée racontée par Harley en personne, d’une manière dont elle seule a le secret.  Roman Sionis, l’ennemi le plus abominable et le plus narcissique de Gotham, ainsi que son fidèle acolyte Zsasz décident de s\'en prendre à une certaine « Cass ». La ville est passée au peigne fin pour retrouver la trace de la jeune fille.  Les parcours de Harley, de la Chasseuse, de Black Canary et de Renee Montoya se télescopent et ce quatuor improbable n’a d’autre choix que de faire équipe pour éliminer Roman…', 2020, '1h 49min', 'https://images.justwatch.com/poster/171569015/s592/birds-of-prey-et-la-fantabuleuse-histoire-de-harley-quinn'),
(79, 'Un espion ordinaire', '1960. Modeste représentant de commerce anglais, Greville Wynne se retrouve plongé au cœur de la guerre froide. À la demande du MI-6 et de la CIA, il noue une alliance aussi secrète que périlleuse avec le colonel soviétique Oleg Penkovsky. Objectif : fournir les renseignements nécessaires aux Occidentaux pour éviter un affrontement nucléaire et désamorcer la crise des missiles de Cuba. Il entame alors une série d\'allers-retours entre Londres et Moscou en prenant de plus en plus de risques…', 2020, '1h 52min', 'https://images.justwatch.com/poster/244224179/s592/un-espion-ordinaire'),
(80, 'Pirates : À la recherche de l\'or perdu', 'Une petite ville se retrouve chamboulée quand une famille de pirates pose son ancre dans le quartier. Les respectables habitants ont en effet un peu de mal à s\'habituer au bateau-maison et au requin de garde de leurs nouveaux voisins gentils mais exubérants. Rapidement, Michel, 12 ans, noue une amitié avec Billy, jeune pirate de 13 ans. En plus des préjugés de leurs communautés, les nouveaux amis devront affronter Cornelius, le pirate le plus dangereux des mers, qui a retrouvé la trace de la famille de Billy.', 2020, '1h 34min', 'https://images.justwatch.com/poster/262892251/s592/de-piraten-van-hiernaast'),
(81, 'American Pie présente : Girls Power', 'Quatre lycéennes décident de conclure un pacte pour régler leurs problèmes de cœur avant la soirée du lycée. Jusqu’au jour où, un nouveau et beau garçon fait son entrée au lycée, toutes tombent immédiatement sous son charme…', 2020, '1h 35min', 'https://images.justwatch.com/backdrop/242216560/s480/american-pie-presente-girls-power'),
(82, 'En Avant', 'Dans la banlieue d’un univers imaginaire, deux frères elfes se lancent dans une quête extraordinaire pour découvrir s’il reste encore un peu de magie dans le monde.', 2020, '1h 43min', 'https://images.justwatch.com/poster/173838704/s592/en-avant'),
(83, 'Les aventuriers du bout du monde', 'Tout en recherchant un trésor perdu, des pirates voyageant dans le temps se retrouvent dans le présent et se battent avec des ennemis improbables : un groupe d’enfants avec les derniers gadgets technologiques.', 2020, '1h 45min', 'https://images.justwatch.com/poster/256837652/s592/timecrafters-the-treasure-of-pirates-cove'),
(84, 'LX 2048', 'Dans un futur proche, le soleil est devenu toxique, les humains vivent confinés, la majorité d\'entre eux prennent des tranquillisants et se réfugient dans la réalité virtuelle, jusqu\'à ce que l\'un d\'entre eux, Adam, se rebelle contre le système.', 2020, '1h 43min', 'https://images.justwatch.com/poster/249685220/s592/lx-2048'),
(85, 'Minari', 'Une famille américano-coréenne décide de s’installer dans une petite ferme de l’Arkansas pour vivre leur « rêve américain ». La maison familiale change complètement avec l’arrivée de la grand-mère sournoise, grossière, mais excessivement aimante. Entre l’instabilité et les défis qu’offrent cette nouvelle vie dans les monts Ozarks, la famille va faire preuve d’une incroyable résilience et apprendra ce que signifie vraiment « être chez soi ».', 2020, '1h 55min', 'https://images.justwatch.com/poster/243667398/s592/minari'),
(86, 'Le Discours', 'Coincé à un repas de famille qui lui donne des envies de meurtre, Adrien attend. Il attend que Sonia réponde à son sms et mette fin à la « pause » qu’elle lui fait subir depuis un mois. Et voilà que Ludo, son futur beau-frère, lui demande de faire un « petit » discours pour le mariage ! Adrien panique. Mais si ce discours était finalement la meilleure chose qui puisse lui arriver ?', 2020, '1h 27min', 'https://images.justwatch.com/poster/209741737/s592/le-discours'),
(87, 'Invisible Man', 'Cecilia Kass est en couple avec un brillant et riche scientifique. Ne supportant plus son comportement violent et tyrannique, elle prend la fuite une nuit et se réfugie auprès de sa sœur, leur ami d\'enfance et sa fille adolescente. Mais quand l\'homme se suicide en laissant à Cecilia une part importante de son immense fortune, celle-ci commence à se demander s\'il est réellement mort. Tandis qu\'une série de coïncidences inquiétantes menace la vie des êtres qu\'elle aime, Cecilia cherche désespérément à prouver qu\'elle est traquée par un homme que nul ne peut voir. Peu à peu, elle a le sentiment que sa raison vacille…', 2020, '2h 4min', 'https://images.justwatch.com/poster/170389612/s592/lhomme-invisible'),
(88, 'Le voyage du Dr Dolittle', 'Après la perte de sa femme sept ans plus tôt, l’excentrique Dr. John Dolittle, célèbre docteur et vétérinaire de l’Angleterre de la Reine Victoria s’isole derrière les murs de son manoir, avec pour seule compagnie sa ménagerie d’animaux exotiques.  Mais quand la jeune Reine tombe gravement malade, Dr. Dolittle, d’abord réticent, se voit forcé de lever les voiles vers une île mythique dans une épique aventure à la recherche d’un remède à la maladie.', 2020, '1h 41min', 'https://images.justwatch.com/poster/165297975/s592/le-voyage-du-dr-dolittle'),
(89, 'Soul Food', 'Le côté israélo-juif de sa famille l’appelle Avram. Le côté palestino-musulman Ibrahim. Ses parents avocats américains agnostiques de première génération l’appellent Abraham. Mais le gamin de 12 ans de Brooklyn qui aime la nourriture et la cuisine, préfère, eh bien, Abe. Juste Abe.', 2020, '1h 25min', 'https://images.justwatch.com/backdrop/178097630/s480/abe'),
(90, '30 jours max', 'Rayane est un jeune flic, trouillard et maladroit, sans cesse moqué par les autres policiers. Le jour où son médecin lui apprend, à tort, qu’il n’a plus que trente jours à vivre, il comprend vite qu\'il s\'agit de sa dernière chance de devenir un héros, à la fois au sein de son commissariat et surtout pour impressionner sa collègue Stéphanie. L’éternel craintif se transforme alors en véritable tête brûlée, qui prendra tous les risques afin de coincer un gros caïd de la drogue…', 2020, '1h 27min', 'https://images.justwatch.com/poster/243461957/s592/30-jours-max'),
(91, 'First Cow', 'Autour de 1820, Cookie Figowitz, un cuisinier expérimenté solitaire et taciturne, voyage vers l’ouest et finit par rejoindre un groupe de trappeurs au fin fond de l’Oregon. Là, il se lie d’amitié avec King-Lu, un immigrant d’origine chinoise qui cherche aussi à faire fortune.  Ils  vont  rapidement  s’associer  pour  créer  une  petite  entreprise  prospère utilisant  une  vache  laitière, très  prisée  par  un  riche  propriétaire  des  environs,  pour fabriquer des gâteaux...', 2020, '2h 2min', 'https://images.justwatch.com/poster/255219865/s592/first-cow'),
(92, 'The Stylist', 'Tout le monde fait le rêve de devenir quelqu’un d’autre… mais pour Claire celui-ci devient une obsession, puis un véritable cauchemar. Son travail de coiffeuse lui permet de s’évader en écoutant les histoires de ses clientes jusqu’au moment où elle décide d’arrêter la discussion… et d’en finir pour de bon avec elles.', 2020, '1h 41min', 'https://images.justwatch.com/backdrop/246488011/s480/the-stylist'),
(93, 'La proie d\'une ombre', 'Déchirée par la mort brutale de son mari, Beth se retrouve seule dans la maison au bord du lac qu’il avait construite pour elle. Elle s’efforce de faire face, mais d’inexplicables cauchemars font leur apparition. Dans de troublantes visions, une présence insaisissable semble l’appeler... Contre l’avis de ses amis, Beth commence à fouiller dans les affaires de son mari, en quête de réponses. Elle va découvrir des secrets aussi étranges qu’inquiétants, et un mystère qu’elle va, malgré les risques, tenter d’élucider...', 2020, '1h 47min', 'https://images.justwatch.com/poster/252833524/s592/la-proie-dune-ombre'),
(94, 'After: Chapitre 2', 'Alors que Tessa et Hardin tentent de recoller les morceaux de leur relation, de nouveaux obstacles viennent se mettre en travers de leur histoire d\'amour et de nouveaux secrets sont dévoilés. Mais tout ça n\'est rien comparé à l\'arrivée du beau Trevor dans la vie de Tessa, qui va s\'attirer les foudres d\'Hardin, conscient de la menace que ce nouveau prétendant représente.', 2020, '1h 45min', 'https://images.justwatch.com/backdrop/241034461/s480/after-chapitre-2'),
(95, 'Les Nouveaux Mutants', 'Les Mutants sont les plus dangereux, pour eux-mêmes comme pour les autres, lorsqu’ils découvrent leurs pouvoirs. Détenus dans une division secrète contre leur volonté,  cinq nouveaux mutants doivent apprivoiser leurs dons et assumer les erreurs graves de leur passé. Traqués par une puissance surnaturelle, leurs peurs les plus terrifiantes vont devenir réalité.', 2020, '1h 34min', 'https://images.justwatch.com/poster/245154505/s592/les-nouveaux-mutants'),
(96, 'Mandibules', 'Jean-Gab et Manu, deux amis simples d\'esprit, trouvent une mouche géante coincée dans le coffre d\'une voiture et se mettent en tête de la dresser pour gagner de l\'argent avec.', 2020, '1h 17min', 'https://images.justwatch.com/poster/243441604/s592/mandibules'),
(97, 'USS Greyhound : La Bataille de l\'Atlantique', 'Le capitaine Ernest Krause dirige une flotte internationale de 37 navires venant ravitailler en soldats et en vivres des forces alliées qui en manquent cruellement.', 2020, '1h 31min', 'https://images.justwatch.com/poster/193807859/s592/greyhound');
INSERT INTO `film` (`id_film`, `titre`, `resume`, `annee_sortie`, `duree`, `image`) VALUES
(98, 'Downton Abbey : Le film', 'Les Crawley et leur personnel intrépide se préparent à vivre l\'événement le plus important de leur vie : une visite du roi et de la reine d\'Angleterre. Cette venue ne tardera pas à déclencher scandales, intrigues amoureuses et manigances qui pèseront sur l\'avenir même de Downton.', 2019, '2h 2min', 'https://images.justwatch.com/poster/170553735/s592/downton-abbey'),
(99, 'Spider-Man : Far From Home', 'Peter et ses amis passent leurs vacances d’été en Europe. Mais ils n’auront pas vraiment l’occasion de se reposer puisque Peter accepte d’aider Nick Fury pour débusquer les mystérieuses créatures qui sont la cause des catastrophes naturelles qui frappent le continent.', 2019, '2h 9min', 'https://images.justwatch.com/poster/130454311/s592/spider-man-far-from-home'),
(100, 'Avengers : Endgame', 'Après leur défaite face au Titan Thanos qui dans le film précédent s\'est approprié toutes les pierres du Gant de l\'infini , les Avengers et les Gardiens de la Galaxie ayant survécu à son claquement de doigts qui a pulvérisé « la moitié de toute forme de vie dans l\'Univers », Captain America, Thor, Bruce Banner, Natasha Romanoff, War Machine, Tony Stark, Nébula et Rocket, vont essayer de trouver une solution pour ramener leurs coéquipiers disparus et vaincre Thanos en se faisant aider par Ronin alias Clint Barton, Captain Marvel et Ant-Man.', 2019, '3h 1min', 'https://images.justwatch.com/poster/209725861/s592/avengers-4'),
(101, 'Pokémon Détective Pikachu', 'Harry Goodman, un détective privé disparait mystérieusement. Une séparation qui pousse alors son fils Tim, 21 ans, à tenter de découvrir ce qui s’est passé.  Le détective Pikachu, ancien partenaire de Harry, participe alors à l’enquête...', 2019, '1h 45min', 'https://images.justwatch.com/poster/245154434/s592/pokemon-detective-pikachu'),
(102, 'Midsommar', 'Dani et Christian sont sur le point de se séparer quand la famille de Dani est touchée par une tragédie. Attristé par le deuil de la jeune femme, Christian ne peut se résoudre à la laisser seule et l’emmène avec lui et ses amis à un festival estival qui n’a lieu que tous les 90 ans et se déroule dans un village suédois isolé. Mais ce qui commence comme des vacances insouciantes dans un pays où le soleil ne se couche pas va vite prendre une tournure beaucoup plus sinistre et inquiétante.', 2019, '2h 28min', 'https://images.justwatch.com/backdrop/133010830/s480/midsommar'),
(103, 'Les Crevettes pailletées', 'Après avoir tenu des propos homophobes, Mathias Le Goff, vice‐champion du monde de natation, est condamné à entraîner les « Crevettes Pailletées », une équipe de water‐polo gay, davantage motivée par la fête que par la compétition. Cet attelage explosif va alors se rendre en Croatie pour participer aux Gay Games, le plus grand rassemblement sportif homosexuel du monde. Le chemin parcouru sera l’occasion pour Mathias de découvrir un univers décalé, qui va bousculer tous ses repères et lui permettre de revoir ses priorités dans la vie.', 2019, '1h 40min', 'https://images.justwatch.com/poster/111969954/s592/les-crevettes-pailletees'),
(104, 'The Lion King', 'Simba idolizes his father, King Mufasa, and takes to heart his own royal destiny. But not everyone in the kingdom celebrates the new cub\'s arrival. Scar, Mufasa\'s brother—and former heir to the throne—has plans of his own. The battle for Pride Rock is ravaged with betrayal, tragedy and drama, ultimately resulting in Simba\'s exile. With help from a curious pair of newfound friends, Simba will have to figure out how to grow up and take back what is rightfully his.', 2019, '1h 58min', 'https://images.justwatch.com/poster/141727522/s592/le-roi-lion-2019'),
(105, 'Parasite', 'Toute la famille de Ki-taek est au chômage. Elle s’intéresse particulièrement au train de vie de la richissime famille Park. Mais un incident se produit et les deux familles se retrouvent mêlées, sans le savoir, à une bien étrange histoire…', 2019, '2h 12min', 'https://images.justwatch.com/poster/240343122/s592/parasite'),
(106, 'The Lighthouse', 'Dans le dernier tiers du XIXe siècle aux États-Unis, deux gardiens de phare viennent relever l\'équipe précédente sur un îlot éloigné des terres, au large de la Nouvelle-Angleterre. Ils doivent y rester quatre semaines, mais la tempête empêchera le bateau de venir les chercher. Le chef de phare est très autoritaire et se réserve l\'accès à la lampe du phare, où il cache peut-être un secret... que son assistant voudrait connaître.\r\n Ce dernier effectue sa première mission et découvre le métier, mais le chef le cantonne aux plus basses besognes. Il a lui aussi un secret, et pourrait bien ne pas être celui qu\'il prétend. Il est en outre en proie à des cauchemars et à des hallucinations, jusqu\'à devenir hanté par ses visions, en particulier celle d\'une sirène.\r\n Leur relation se détériore progressivement entre rapports hiérarchiques tendus, beuveries joyeuses, bagarres violentes, imprécations et confidences, sur un îlot bientôt battu par la tempête.', 2019, '1h 49min', 'https://images.justwatch.com/poster/140468614/s592/the-lighthouse'),
(107, 'Joker', 'Dans les années 1980, à Gotham City, Arthur Fleck, un humoriste de stand‐up raté, bascule dans la folie et devient le Joker.', 2019, '2h 2min', 'https://images.justwatch.com/poster/146820524/s592/joker-2019'),
(108, 'The Gentlemen', 'Quand Mickey Pearson, baron de la drogue à Londres, laisse entendre qu’il pourrait se retirer du marché, il déclenche une guerre explosive : la capitale anglaise devient le théâtre de tous les chantages, complots, trahisons, corruptions et enlèvements… Dans cette jungle où l’on ne distingue plus ses alliés de ses ennemis, il n’y a de la place que pour un seul roi !', 2019, '1h 53min', 'https://images.justwatch.com/poster/258720908/s592/the-gentlemen'),
(109, '1917', 'Pris dans la tourmente de la Première Guerre Mondiale, Schofield et Blake, deux jeunes soldats britanniques, se voient assigner une mission à proprement parler impossible. Porteurs d’un message qui pourrait empêcher une attaque dévastatrice et la mort de centaines de soldats, dont le frère de Blake, ils se lancent dans une véritable course contre la montre, derrière les lignes ennemies.', 2019, '1h 59min', 'https://images.justwatch.com/poster/168373363/s592/1917'),
(110, 'À Couteaux Tirés', 'Célèbre auteur de polars, Harlan Thrombey est retrouvé mort dans sa somptueuse propriété, le soir de ses 85 ans. L’esprit affûté et la mine débonnaire, le détective Benoit Blanc est alors engagé par un commanditaire anonyme afin d’élucider l’affaire. Mais entre la famille d’Harlan qui s\'entre-déchire et son personnel qui lui reste dévoué, Blanc plonge dans les méandres d’une enquête mouvementée, mêlant mensonges et fausses pistes, où les rebondissements s\'enchaînent à un rythme effréné jusqu\'à la toute dernière minute...', 2019, '2h 10min', 'https://images.justwatch.com/poster/210096009/s592/a-couteaux-tires-2019'),
(111, 'Le Mans 66', 'Relate l’histoire vraie qui a conduit l’ingénieur automobile visionnaire américain Caroll Shelby à faire équipe avec le pilote de course britannique surdoué Ken Miles. Bravant l’ordre établi, défiant les lois de la physique et luttant contre leurs propres démons, les deux hommes n’avaient qu’un seul but : construire pour le compte de Ford Motor Company un bolide révolutionnaire capable de renverser la suprématie de l’écurie d’Enzo Ferrari sur le mythique circuit des 24 heures du Mans en 1966…', 2019, '2h 33min', 'https://images.justwatch.com/backdrop/209840174/s480/ford-v-ferrari'),
(112, 'Star Wars : L\'Ascension de Skywalker', 'Environ un an après la mort de Luke Skywalker, la Résistance tente de survivre face au Premier Ordre, désormais mené par un nouveau Suprême Leader, Kylo Ren. Une rumeur agite cependant toute la galaxie : l\'Empereur Palpatine serait de retour. Tandis que Rey s\'entraîne sous la houlette de la générale Leia Organa, Kylo Ren cherche à défier Palpatine, qu\'il considère comme une menace à son pouvoir.', 2019, '2h 35min', 'https://images.justwatch.com/poster/169273691/s592/star-wars-lascension-de-skywalker'),
(113, 'Simetierre', 'Le docteur Louis Creed, sa femme Rachel et leurs deux jeunes enfants quittent Boston pour s\'installer dans une région rurale du Maine. Près de sa maison, le docteur découvre un mystérieux cimetière caché au fond des bois. Peu après, une tragédie s’abat sur lui. Creed sollicite alors l\'aide d\'un étrange voisin, Jud Crandall. Sans le savoir, il vient de déclencher une série d’événements tragiques qui vont donner naissance à de redoutables forces maléfiques.', 2019, '1h 41min', 'https://images.justwatch.com/poster/109764329/s592/simetierre'),
(114, 'Escape Game', 'Six personnes se retrouvent dans une situation incontrôlable ou seule leur intelligence leur permettra de survivre.', 2019, '1h 40min', 'https://images.justwatch.com/poster/136659934/s592/escape-room-2018'),
(115, 'Once Upon a Time… in Hollywood', 'En 1969, Rick Dalton – star déclinante d\'une série télévisée de western – et Cliff Booth – sa doublure de toujours – assistent à la métamorphose artistique d\'un Hollywood qu\'ils ne reconnaissent plus du tout en essayant de relancer leurs carrières.', 2019, '2h 41min', 'https://images.justwatch.com/poster/139297204/s592/once-upon-a-time-in-hollywood'),
(116, 'The Best of Enemies', 'Ann Atwater, une militante des droits civiques de Durham, en Caroline du Nord, combat le dirigeant local du Ku Klux Klan (KKK), CP Ellis, pendant une décennie jusqu\'en 1971. Cette année-là, ils vont convenir de coprésider une réunion communautaire de deux semaines sur un décret de déségrégation scolaire ordonné par un tribunal. Cette rencontre va changer leurs vies.', 2019, '2h 13min', 'https://images.justwatch.com/backdrop/155018125/s480/the-best-of-enemies'),
(117, 'Us', 'Des parents emmènent leurs enfants dans leur maison secondaire près d\'une plage afin de se détendre et de se déconnecter. Des amis les rejoignent. Au fur et à mesure que la nuit arrive, la sérénité se transforme en tension. Lorsque des invités - qui n\'étaient pas prévus - se joignent au groupe, l\'agitation palpable dégénère en chaos.', 2019, '1h 56min', 'https://images.justwatch.com/poster/118652497/s592/us-2019'),
(118, 'Le Chant du loup', 'Un jeune homme a le don rare de reconnaître chaque son qu’il entend. A bord d’un sous-marin nucléaire français, tout repose sur lui, l’Oreille d’Or.  Réputé infaillible, il commet pourtant une erreur qui met l’équipage en danger de mort. Il veut retrouver la confiance de ses camarades mais sa quête les entraîne dans une situation encore plus dramatique. Dans le monde de la dissuasion nucléaire et de la désinformation, ils se retrouvent tous pris au piège d’un engrenage incontrôlable.', 2019, '1h 55min', 'https://images.justwatch.com/poster/115859797/s592/le-chant-du-loup'),
(119, 'La Loi de Téhéran', 'En Iran, la sanction pour possession de drogue est la même que l’on ait 30 g ou 50 kg sur soi : la peine de mort.\r\n Dans ces conditions, les narcotrafiquants n’ont aucun scrupule à jouer gros et la vente de crack a explosé. Bilan : 6,5 millions de personnes ont plongé.\r\n Au terme d\'une traque de plusieurs années, Samad, flic obstiné aux méthodes expéditives, met enfin la main sur le parrain de la drogue Nasser K.\r\n Alors qu’il pensait l\'affaire classée, la confrontation avec le cerveau du réseau va prendre une toute autre tournure...', 2019, '2h 11min', 'https://images.justwatch.com/poster/246931070/s592/la-loi-de-teheran'),
(120, 'Qu\'est-ce qu\'on a encore fait au Bon Dieu ?', 'Le retour des familles Verneuil et Koffi au grand complet ! Claude et Marie Verneuil font face à une nouvelle crise. Leurs quatre gendres, Rachid, David, Chao et Charles sont décidés à quitter la France avec femmes et enfants pour tenter leur chance à l’étranger. Incapables d’imaginer leur famille loin d’eux, Claude et Marie sont prêts à tout pour les retenir. De leur côté, les Koffi débarquent en France pour le mariage de leur fille. Eux non plus ne sont pas au bout de leurs surprises…', 2019, '1h 39min', 'https://images.justwatch.com/poster/111017246/s592/quest-ce-quon-a-encore-fait-au-bon-dieu'),
(121, 'La vie scolaire', 'Une année au cœur de l’école de la république de la vie… et de la démerde ! Samia, jeune CPE novice, débarque de son Ardèche natale dans un collège réputé difficile de la ville de Saint-Denis. Elle y découvre les problèmes récurrents de discipline, la réalité sociale pesant sur le quartier, mais aussi l’incroyable vitalité et l’humour, tant des élèves que de son équipe de surveillants. Parmi eux, il y a Moussa, le Grand du quartier et Dylan le chambreur. Samia s\'adapte et prend bientôt plaisir à canaliser la fougue des plus perturbateurs. Sa situation personnelle compliquée la rapproche naturellement de Yanis, ado vif et intelligent, dont elle a flairé le potentiel. Même si Yanis semble renoncer à toute ambition en se cachant derrière son insolence, Samia va investir toute son énergie à le détourner d’un échec scolaire annoncé et tenter de l’amener à se projeter dans un avenir meilleur…', 2019, '1h 51min', 'https://images.justwatch.com/poster/164747559/s592/la-vie-scolaire'),
(122, 'La Reine des neiges II', 'Elsa, Anna, Kristoff, Olaf et Sven voyagent bien au‐delà des portes d’Arendelle à la recherche de réponses sur le passé d’Elsa. Cette dernière rencontre un Nokk – un esprit d’eau mythique prenant la forme d’un cheval – qui utilise le pouvoir de l’océan pour protéger les secrets de la forêt.', 2019, '1h 43min', 'https://images.justwatch.com/poster/158320245/s592/la-reine-des-neiges-2'),
(123, 'Mais vous êtes fous', 'Roman aime Camille, autant qu\'il aime ses deux filles. Mais il cache à tous un grave problème d\'addiction qui pourrait mettre en péril ce qu’il a de plus cher. L\'amour a-t-il une chance de survivre quand la confiance est rompue ?', 2019, '1h 35min', 'https://images.justwatch.com/backdrop/251339123/s480/mais-vous-etes-fous'),
(124, 'Captain Marvel', 'Captain Marvel raconte l’histoire de Carol Danvers qui va devenir l’une des super-héroïnes les plus puissantes de l’univers lorsque la Terre se révèle l’enjeu d’une guerre galactique entre deux races extraterrestres.', 2019, '2h 4min', 'https://images.justwatch.com/poster/248505102/s592/captain-marvel'),
(125, 'Les Filles du docteur March', 'Aux États-Unis, pendant la guerre de Sécession, 4 sœurs issues de la classe moyenne font face aux difficultés de la vie quotidienne en ce temps de conflit. La raisonnable Mege, l’intrépide Jo, la charitable Beth et l’orgueilleuse May vivent dans l’ombre protectrice et bienveillante de leur mère Marnee et de sa tante March. Mais la rencontre de leur voisin Laurie va transformer les premiers émois du bal des débutantes en véritables histoires d’amour…  Une nouvelle adaptation du classique de Louisa May Alcott.', 2019, '2h 14min', 'https://images.justwatch.com/poster/166482362/s592/les-filles-du-docteur-march'),
(126, 'Dark Waters', 'Robert Bilott est un avocat spécialisé dans la défense des industries chimiques. Interpellé par un paysan, voisin de sa grand-mère, il va découvrir que la campagne idyllique de son enfance est empoisonnée par une usine du puissant groupe chimique DuPont, premier employeur de la région. Afin de faire éclater la vérité sur la pollution mortelle due aux rejets toxiques de l’usine, il va risquer sa carrière, sa famille, et même sa propre vie...', 2019, '2h 6min', 'https://images.justwatch.com/poster/225483180/s592/dark-waters-2019'),
(127, 'Rocketman', 'Rocketman nous raconte la vie hors du commun d’Elton John, depuis ses premiers succès jusqu’à sa consécration internationale. Le film retrace la métamorphose de Reginald Dwight, un jeune pianiste prodige timide, en une superstar mondiale. Il est aujourd’hui connu sous le nom d’Elton John. Son histoire inspirante - sur fond des plus belles chansons de la star – nous fait vivre l’incroyable succès d’un enfant d’une petite ville de province devenu icône de la pop culture mondiale.', 2019, '2h 1min', 'https://images.justwatch.com/poster/147018483/s592/rocketman-2019'),
(128, 'Alice et le maire', 'Le maire de Lyon, qui est au bout du rouleau. Il n\'a plus une seule idée. Après trente ans de vie politique, il se sent complètement vide. Pour remédier à ce problème, ses équipes décident de lui adjoindre une jeune et brillante philosophe… Un dialogue se noue, qui rapproche Alice et le maire et ébranle leurs certitudes. Peu à peu, une question se pose : la pensée et la pratique politique sont-elles compatibles ?', 2019, '1h 43min', 'https://images.justwatch.com/poster/143420308/s592/alice-et-le-maire'),
(129, 'Les Enfants du temps', 'Jeune lycéen, Hodaka fuit son île pour rejoindre Tokyo. Sans argent ni emploi, il tente de survivre dans la jungle urbaine et trouve un poste dans une revue dédiée au paranormal. Un phénomène météorologique extrême touche alors le Japon, exposé à de constantes pluies. Hodaka est dépêché pour enquêter sur l\'existence de prêtresses du temps. Peu convaincu par cette légende, il change soudainement d\'avis lorsqu\'il croise la jeune Hina…', 2019, '1h 52min', 'https://images.justwatch.com/poster/166811352/s592/les-enfants-du-temps'),
(130, 'Les Misérables', 'Stéphane, tout juste arrivé de Cherbourg, intègre la Brigade Anti‐Criminalité de Montfermeil, dans le 93. Il va faire la rencontre de ses nouveaux coéquipiers, Chris et Gwada, deux « Bacqueux » d’expérience. Il découvre rapidement les tensions entre les différents groupes du quartier. Alors qu’ils se trouvent débordés lors d’une interpellation, un drone filme leurs moindres faits et gestes…', 2019, '1h 43min', 'https://images.justwatch.com/poster/135723913/s592/les-miserables-2019'),
(131, 'Morgue', 'À son premier jour en tant qu\'agent de sécurité, Diego Martinez est affecté à l\'équipe de nuit à l\'Hôpital régional. Lors de ses tournées, il remarque que les couloirs peuvent être troublants la nuit jusqu\'à ce qu\'il remarque accidentellement qu\'il est coincé à l\'intérieur de la morgue.', 2019, '1h 21min', 'https://images.justwatch.com/poster/263910455/s592/morgue'),
(132, 'The Utah Cabin Murders', 'De paisibles vacances en famille tournent à l\'horreur quand deux hommes masqués font irruption dans un chalet isolé de l\'Utah.', 2019, '1h 25min', 'https://images.justwatch.com/backdrop/149616132/s480/the-utah-cabin-murders'),
(133, 'Cœurs ennemis', 'Hambourg 1946, au sortir de la guerre, Rachel rejoint son mari Lewis, officier anglais en charge de la reconstruction de la ville dévastée. En emménageant dans leur nouvelle demeure, elle découvre qu’ils devront cohabiter avec les anciens propriétaires, un architecte allemand et sa fille. Alors que cette promiscuité forcée avec l’ennemi révolte Rachel, la haine larvée et la méfiance laissent bientôt place chez la jeune femme à un sentiment plus troublant encore.', 2019, '1h 48min', 'https://images.justwatch.com/poster/144569857/s592/coeurs-ennemis'),
(134, 'The Manson Family Massacre', 'Dans cette prise unique sur les meurtres infâmes de Manson, nous suivons deux générations d\'événements effrayants qui se produisent dans 10.000 Cielo Drive, l\'une des adresses les plus notoires des États-Unis. En 1969, nous assistons aux exploits violents du culte meurtrier The Manson Family qui aboutissent au meurtre brutal de l\'actrice Sharon Tate et de plusieurs de ses amis à Cielo Drive. En 1992, la chanteuse rock Margot Lavigne s\'installe dans la maison pour enregistrer un nouvel album. Mais la vie devient vite un cauchemar infernal alors que des forces surnaturelles hantent Margot et ses compagnons de groupe d\'un mal absolu et débridé. Alors qu\'elle en apprend davantage sur les événements de 1969 et commence à comprendre la véritable nature de la famille Manson, Margot se rend compte qu\'elle doit trouver un moyen de reposer les fantômes du passé...', 2019, '1h 30min', 'https://images.justwatch.com/backdrop/238728051/s480/the-manson-family-massacre'),
(135, 'Wedding Nightmare', 'La nuit de noces d’une jeune mariée tourne au cauchemar quand sa riche et excentrique belle-famille lui demande d’honorer une tradition qui va se révéler meurtrière et où chacun luttera pour sa survie.', 2019, '1h 35min', 'https://images.justwatch.com/backdrop/252439619/s480/wedding-nightmare'),
(136, 'Les Animaux Fantastiques : Les Crimes de Grindelwald', '1927 : Quelques mois après sa capture, le célèbre sorcier Gellert Grindelwald s\'évade comme il l\'avait promis et de façon spectaculaire. Réunissant de plus en plus de partisans, il est à l\'origine d\'attaque d\'humains normaux par des sorciers et seul celui qu\'il considérait autrefois comme un ami, Albus Dumbledore, semble capable de l\'arrêter. Mais Dumbledore va devoir faire appel au seul sorcier ayant déjoué les plans de Grindelwald auparavant : son ancien élève Norbert Dragonneau. L\'aventure qui les attend réunit Norbert avec Tina, Queenie et Jacob, mais cette mission va également tester la loyauté de chacun face aux nouveaux dangers qui se dressent sur leur chemin, dans un monde magique plus dangereux et divisé que jamais.', 2018, '2h 14min', 'https://images.justwatch.com/poster/184876291/s592/les-animaux-fantastiques-les-crimes-de-grindelwald'),
(137, 'Venom', 'Des symbiotes débarquent sur la Terre, parmi eux, Venom, qui va s’allier avec Eddie Brock. De son côté, un puissant scientifique tente de faire évoluer l’humanité avec les symbiotes, le duo d’anti‐héros va devoir tout faire pour l’arrêter !', 2018, '1h 52min', 'https://images.justwatch.com/poster/73743781/s592/venom'),
(138, 'Spider-Man : New Generation', 'SPIDER-MAN : NEW GENERATION présente Miles Morales, un adolescent vivant à Brooklyn, et révèle les possibilités illimitées du Spider-Verse, un univers où plus d’un peut porter le masque…', 2018, '1h 56min', 'https://images.justwatch.com/poster/91995756/s592/spider-man-new-generation'),
(139, 'Sans un bruit', 'Une famille tente de survivre sous la menace de mystérieuses créatures qui attaquent au moindre bruit. S’ils vous entendent, il est déjà trop tard.', 2018, '1h 31min', 'https://images.justwatch.com/poster/60562463/s592/sans-un-bruit'),
(140, 'Jurassic World : Fallen Kingdom', 'Cela fait maintenant trois ans que les dinosaures se sont échappés de leurs enclos et ont détruit le parc à thème et complexe de luxe Jurassic World. Isla Nublar a été abandonnée par les humains alors que les dinosaures survivants sont livrés à eux-mêmes dans la jungle. Lorsque le volcan inactif de l\'île commence à rugir, Owen et Claire s’organisent pour sauver les dinosaures restants de l’extinction.', 2018, '2h 9min', 'https://images.justwatch.com/poster/79942115/s592/jurassic-world-royaume-dechu'),
(141, 'Avengers : Infinity War', 'Les Avengers et leurs alliés devront être prêts à tout sacrifier pour neutraliser le redoutable Thanos avant que son attaque éclair ne conduise à la destruction complète de l’univers.', 2018, '2h 30min', 'https://images.justwatch.com/poster/59991608/s592/avengers-infinity-war'),
(142, 'Ready Player One', 'En 2045, le monde est au bord du chaos. Les êtres humains se réfugient dans l\'OASIS, univers virtuel mis au point par le brillant et excentrique James Halliday. Avant de disparaître, celui-ci a décidé de léguer son immense fortune à quiconque découvrira l\'œuf de Pâques numérique qu\'il a pris soin de dissimuler dans l\'OASIS. L\'appât du gain provoque une compétition planétaire. Mais lorsqu\'un jeune garçon, Wade Watts, qui n\'a pourtant pas le profil d\'un héros, décide de participer à la chasse au trésor, il est plongé dans un monde parallèle à la fois mystérieux et inquiétant…', 2018, '2h 20min', 'https://images.justwatch.com/poster/70833094/s592/ready-player-one'),
(143, 'Hérédité', 'Quand Ellen, la matriarche de la famille Graham, meurt, sa fille revient vivre dans la maison avec sa famille. Ils vont alors découvrir le terrifiant secret de leur ancêtre...', 2018, '2h 6min', 'https://images.justwatch.com/backdrop/63947633/s480/heredite'),
(144, 'Alcatraz', 'Au sein de la plus célèbre des prisons, une poignée de détenus désespérés tentent le tout pour le tout pour s\'évader.', 2018, '1h 30min', 'https://images.justwatch.com/backdrop/91221260/s480/alcatraz'),
(145, 'Bohemian Rhapsody', 'Le parcours de Queen et son leader Freddie Mercury, de la formation du groupe à son apparition au concert Live Aid en 1985.', 2018, '2h 15min', 'https://images.justwatch.com/poster/247398187/s592/bohemian-rhapsody'),
(146, 'Le Doudou', 'Michel a perdu le doudou de sa fille à l’aéroport de Roissy. Il dépose un avis de recherche avec une récompense. Sofiane, employé à l’aéroport, y voit l’occasion de se faire un peu d’argent et prétend avoir retrouvé la peluche. Le mensonge révélé, Michel et Sofiane se lancent malgré tout sur les traces du doudou. Une mission plus compliquée que prévu...', 2018, '1h 22min', 'https://images.justwatch.com/poster/76483417/s592/le-doudou'),
(147, 'Les Tuche 3', 'Jeff Tuche, se réjouit de l’arrivée du TGV dans son cher village. Malheureusement, le train à grande vitesse ne fait que passer, sans s’arrêter à Bouzolles. Déçu, il tente de joindre le président de la République pour que son village ne reste pas isolé du reste du territoire. Sans réponse de l’Élysée, Jeff ne voit plus qu’une seule solution pour se faire entendre : se présenter à l’élection présidentielle...', 2018, '1h 32min', 'https://images.justwatch.com/poster/90846020/s592/tuche-3-liberte-egalite-fraternituche'),
(148, 'A Star Is Born', 'Star de country un peu oubliée, Jackson Maine découvre Ally, une jeune chanteuse très prometteuse. Tandis qu’ils tombent follement amoureux l’un de l’autre, Jack propulse Ally sur le devant de la scène et fait d’elle une artiste adulée par le public. Bientôt éclipsé par le succès de la jeune femme, il vit de plus en plus mal son propre déclin…', 2018, '2h 16min', 'https://images.justwatch.com/poster/90487098/s592/a-star-is-born'),
(149, 'Under the Silver Lake', 'À Los Angeles, Sam, 33 ans, sans emploi, rêve de célébrité. Lorsque Sarah, une jeune et énigmatique voisine, se volatilise brusquement, Sam se lance à sa recherche et entreprend alors une enquête obsessionnelle surréaliste à travers la ville. Elle le fera plonger jusque dans les profondeurs les plus ténébreuses de la Cité des Anges, où il devra élucider disparitions et meurtres mystérieux sur fond de scandales et de conspirations.', 2018, '2h 19min', 'https://images.justwatch.com/poster/98970217/s592/under-the-silver-lake'),
(150, 'Deadpool 2', 'Deadpool se voit contraint de rejoindre les X-Men : après une tentative ratée de sauver un jeune mutant au pouvoir destructeur, il est jeté en prison anti-mutants. Arrive Cable, un soldat venant du futur et ayant pour cible le jeune mutant, en quête de vengeance. Deadpool décide de le combattre. Peu convaincu par les règles des X-Men, il crée sa propre équipe, la « X-Force ». Mais cette mission lui réservera de grosses surprises, des ennemis de taille et des alliés indispensables.', 2018, '1h 59min', 'https://images.justwatch.com/poster/57686989/s592/deadpool-2'),
(151, 'Overlord', 'France, June 1944. On the eve of D-Day, some American paratroopers fall behind enemy lines after their aircraft crashes while on a mission to destroy a radio tower in a small village near the beaches of Normandy. After reaching their target, the surviving paratroopers realise that, in addition to fighting the Nazi troops that patrol the village, they also must fight against something else.', 2018, '1h 50min', 'https://images.justwatch.com/poster/168799524/s592/overlord-2018'),
(152, 'Mission : Impossible - Fallout', 'Les meilleures intentions finissent souvent par se retourner contre vous… Dans MISSION : IMPOSSIBLE – FALLOUT, Ethan Hunt accompagné de son équipe de l’IMF – Impossible Mission Force et de quelques fidèles alliées sont lancés dans une course contre la montre, suite au terrible échec d’une mission.', 2018, '2h 27min', 'https://images.justwatch.com/poster/73255994/s592/mission-impossible-fallout'),
(153, 'First Man - Le Premier Homme sur la Lune', 'L’histoire fascinante de la mission de la NASA d’envoyer un homme sur la lune, centrée sur Neil Armstrong et les années 1961‐1969. Inspiré du livre de James R. Hansen, le film explore les sacrifices et coûts – d’Armstrong et de la nation – d’une des plus dangereuses missions de l’Histoire.', 2018, '2h 18min', 'https://images.justwatch.com/poster/79918168/s592/first-man-le-premier-homme-sur-la-lune'),
(154, 'Climax', 'Naître et mourir sont des expériences extraordinaires. Vivre est un plaisir fugitif.', 2018, '1h 37min', 'https://images.justwatch.com/poster/109456728/s592/climax-2018'),
(155, 'Pacific Rim : Uprising', 'Le conflit planétaire qui oppose les Kaiju, créatures extraterrestres, aux Jaegers, robots géants pilotés par des humains, n’était que la première vague d’une attaque massive contre l’Humanité.  Jake Pentecost, un jeune pilote de Jaeger prometteur dont le célèbre père a sacrifié sa vie pour sauver l’Humanité des monstrueux Kaiju a depuis abandonné son entraînement et s’est retrouvé pris dans l’engrenage du milieu criminel.', 2018, '1h 51min', 'https://images.justwatch.com/poster/62419147/s592/pacific-rim-uprising'),
(156, 'How It Ends', 'Une mystérieuse apocalypse déclenche une vague de désinformation et un déluge de violence. Un homme, accompagné d\'un beau-père dont il n\'est pas proche, prend la route et affronte le chaos pour sauver sa femme enceinte à l\'autre bout du pays.', 2018, '1h 53min', 'https://images.justwatch.com/poster/71918811/s592/how-it-ends'),
(157, 'Green Book : Sur les routes du Sud', 'En 1962, alors que règne la ségrégation, Tony Lip, un videur italo-américain du Bronx, est engagé pour conduire et protéger le Dr Don Shirley, un pianiste noir de renommée mondiale, lors d’une tournée de concerts. Durant leur périple de Manhattan jusqu’au Sud profond, ils s’appuient sur le Green Book pour dénicher les établissements accueillant les personnes de couleur, où l’on ne refusera pas de servir Shirley et où il ne sera ni humilié ni maltraité. Dans un pays où le mouvement des droits civiques commence à se faire entendre, les deux hommes vont être confrontés au pire de l’âme humaine, dont ils se guérissent grâce à leur générosité et leur humour. Ensemble, ils vont devoir dépasser leurs préjugés, oublier ce qu’ils considéraient comme des différences insurmontables, pour découvrir leur humanité commune.', 2018, '2h 10min', 'https://images.justwatch.com/poster/119867058/s592/green-book'),
(158, 'Welcome Home', 'Un couple passe un week-end dans une maison de vacances dans la campagne italienne pour tenter de réparer leur relation, mais il devient rapidement victime des sinistres projets du propriétaire.', 2018, '1h 37min', 'https://images.justwatch.com/poster/191623460/s592/welcome-home-2018'),
(159, 'Dragon Ball Super - Broly', 'Quelque temps après le Tournoi du Pouvoir, la Terre est paisible. Son Goku et ses amis ont repris leur vie. Cependant, avec son expérience du Tournoi, Son Goku passe son temps à s\'entraîner pour continuer à s\'améliorer car ce dernier est conscient qu\'il reste encore beaucoup d\'individus plus forts à découvrir au sein des autres univers. Lorsqu\'un jour, le vaisseau de Freezer refait surface sur la Terre. Celui-ci est accompagné d\'un Saiyan, nommé Broly, avec son père, Paragus. La surprise de Son Goku et Vegeta est immense puisque les Saiyans sont censés avoir été complètement anéantis lors de la destruction de la planète Vegeta. Ils n\'ont donc pas d\'autre choix que de s\'affronter, mais ce nouvel ennemi s\'adapte très vite aux adversaires qu\'il affronte…', 2018, '1h 41min', 'https://images.justwatch.com/poster/167975563/s592/dragon-ball-super-broly'),
(160, 'Une Affaire de famille', 'Au retour d’une nouvelle expédition de vol à l’étalage, Osamu et son fils recueillent dans la rue une petite fille qui semble livrée à elle-même. D’abord réticente à l’idée d’abriter l’enfant pour la nuit, la femme d’Osamu accepte de s’occuper d’elle lorsqu‘elle comprend que ses parents la maltraitent. En dépit de leur pauvreté, survivant de petites rapines qui complètent leurs maigres salaires, les membres de cette famille semblent vivre heureux,  jusqu’à ce qu’un incident révèle brutalement leurs plus terribles secrets…', 2018, '2h 1min', 'https://images.justwatch.com/poster/237493326/s592/une-affaire-de-famille'),
(161, 'All Is True', 'William Shakespeare prend sa retraite suite à l\'incendie du théâtre du Globe. Il retourne vivre à Stratford. Hanté par le décès de son fils à l\'âge de onze ans, Hamnet, le dramaturge réexamine ses relations familiales et ses propres échecs en tant que mari et père.', 2018, '1h 41min', 'https://images.justwatch.com/backdrop/97896469/s480/all-is-true'),
(162, 'Vice', 'Fin connaisseur des arcanes de la politique américaine, Dick Cheney a réussi, sans faire de bruit, à se faire élire vice-président aux côtés de George W. Bush. Devenu l’homme le plus puissant du pays, il a largement contribué à imposer un nouvel ordre mondial dont on sent encore les conséquences aujourd’hui…', 2018, '2h 12min', 'https://images.justwatch.com/poster/171108824/s592/vice-2018'),
(163, 'BlacKkKlansman : J\'ai infiltré le Ku Klux Klan', 'L’histoire vraie de Ron Stallworth qui fut le premier officier de police afro-américain de Colorado Springs à s’être infiltré dans l’organisation du Ku Klux Klan. Étonnamment, l’inspecteur Stallworth et son partenaire Flip Zimmerman ont infiltré le KKK à son plus haut niveau afin d’empêcher le groupe de prendre le contrôle de la ville.', 2018, '2h 8min', 'https://images.justwatch.com/poster/88700161/s592/blackkklansman-jai-infiltre-le-ku-klux-klan'),
(164, 'Vox Lux', 'Celeste, une star de la pop, qui renait de ses cendres après une tragédie. L\'intrigue s\'étirera sur quinze ans, de 1999 à nos jours, et sera rythmée par les plus grandes révolutions culturelles du XXIe siècle', 2018, '1h 54min', 'https://images.justwatch.com/backdrop/252604683/s480/vox-lux'),
(165, 'Aquaman', 'Personnage légendaire depuis 70 ans, Aquaman est le Roi des Sept Mers, régnant à contrecœur sur Atlantis. Pris en étau entre les Terriens qui détruisent constamment la mer et les habitants d\'Atlantis prêts à se révolter, Aquaman doit protéger la planète tout entière…', 2018, '2h 23min', 'https://images.justwatch.com/poster/188071985/s592/aquaman'),
(166, 'My Beautiful Boy', 'Un père doit aider son fils à lutter contre une addiction aux méthamphétamines. Le comportement très changeant de ce dernier a un impact sur toute la famille.', 2018, '2h 1min', 'https://images.justwatch.com/poster/191724943/s592/beautiful-boy'),
(167, 'Skyscraper', 'Framed and on the run, a former FBI agent must save his family from a blazing fire in the world\'s tallest building.', 2018, '1h 42min', 'https://images.justwatch.com/poster/187211387/s592/skyscraper'),
(168, 'Come As You Are', 'Pennsylvanie, 1993. Bienvenue à God’s Promise, établissement isolé au cœur des Rocheuses. Cameron, vient d’y poser ses valises. La voilà, comme ses camarades, livrée à Mme. Marsh qui s’est donnée pour mission de remettre ces âmes perdues dans le droit chemin. La faute de Cameron ? S’être laissée griser par ses sentiments naissants pour une autre fille, son amie Coley. Parmi les pensionnaires, il y a Mark l’introverti ou Jane la grande gueule. Tous partagent cette même fêlure, ce désir ardent de pouvoir aimer qui ils veulent. Si personne ne veut les accepter tels qu’ils sont, il leur faut agir…', 2018, '1h 32min', 'https://images.justwatch.com/poster/155894497/s592/the-miseducation-of-cameron-post'),
(169, 'Death Kiss', 'Un homme au passé trouble arrive dans une ville infestée de criminels. Afin de protéger une jeune femme et sa fille, il va faire justice lui-même.', 2018, '1h 28min', 'https://images.justwatch.com/poster/85402163/s592/death-kiss'),
(170, 'The Guilty', 'Une femme, victime d’un kidnapping, contacte les urgences de la police. La ligne est coupée brutalement. Pour la retrouver, le policier qui a reçu l’appel ne peut compter que sur son intuition, son imagination et son téléphone.', 2018, '1h 26min', 'https://images.justwatch.com/poster/74411129/s592/the-guilty'),
(171, 'Le Monde est à toi', 'François, petit dealer, a un rêve : devenir le distributeur officiel de Mr Freeze au Maghreb. Cette vie, qu’il convoite tant, vole en éclat quand il apprend que Dany, sa mère, a dépensé toutes ses économies. Poutine, le caïd lunatique de la cité propose à François un plan en Espagne pour se refaire. Mais quand tout son entourage : Lamya son amour de jeunesse, Henri un ancien beau-père à la ramasse tout juste sorti de prison, les deux jeunes Mohamed complotistes et sa mère chef d’un gang de femmes pickpockets, s’en mêle, rien ne va se passer comme prévu !', 2018, '1h 34min', 'https://images.justwatch.com/poster/91711646/s592/the-world-is-yours'),
(172, 'Bumblebee', '1987 - Alors qu\'il est en fuite, l\'Autobot Bumblebee trouve refuge dans la décharge d\'une petite ville balnéaire de Californie. Il est découvert, brisé et couvert de blessures de guerre, par Charlie, une ado qui approche de ses 18 ans et cherche sa place dans le monde. Et quand elle le met en marche, elle se rend vite compte qu\'il ne s\'agit pas d\'une voiture jaune ordinaire.', 2018, '1h 54min', 'https://images.justwatch.com/poster/123300658/s592/bumblebee'),
(173, 'Bird Box', 'Alors qu\'une mystérieuse force décime la population mondiale, une seule chose est sûre : ceux qui ont gardé les yeux ouverts ont perdu la vie. Malgré la situation, Malorie trouve l\'amour, l\'espoir et un nouveau départ avant de tout voir s\'envoler. Désormais, elle doit prendre la fuite avec ses deux enfants, suivre une rivière périlleuse jusqu\'au seul endroit où ils peuvent encore se réfugier. Pour survivre, ils devront entreprendre ce voyage difficile les yeux bandés.', 2018, '2h 4min', 'https://images.justwatch.com/poster/163357800/s592/bird-box'),
(174, 'K.G.F: Chapter 1', 'A period drama set in the 1970s, KGF follows the story of a fierce rebel who rises against the brutal oppression in Kolar Gold Fields and becomes the symbol of hope to legions of downtrodden people.', 2018, '2h 36min', 'https://images.justwatch.com/backdrop/94164736/s480/k-g-f-chapter-1'),
(175, 'Mary', 'Un homme se bat pour obtenir la garde de sa nièce, qui témoigne d\'un don hors du commun pour les mathématiques.', 2017, '1h 41min', 'https://images.justwatch.com/poster/242935801/s592/mary-2017'),
(176, 'Spider-Man : Homecoming', 'Après ses spectaculaires débuts dans Captain America : Civil War, le jeune Peter Parker découvre peu à peu sa nouvelle identité, celle de Spider-Man, le super-héros lanceur de toile. Galvanisé par son expérience avec les Avengers, Peter rentre chez lui auprès de sa tante May, sous l’œil attentif de son nouveau mentor, Tony Stark. Il s’efforce de reprendre sa vie d’avant, mais au fond de lui, Peter rêve de se prouver qu’il est plus que le sympathique super héros du quartier. L’apparition d’un nouvel ennemi, le Vautour, va mettre en danger tout ce qui compte pour lui...', 2017, '2h 13min', 'https://images.justwatch.com/poster/30842799/s592/spider-man-homecoming'),
(177, 'Ne coupez pas !', 'Mais c\'est impossible » s\'écrie le réalisateur Higurashi (Takayumi Hamatsu) quand on lui propose de réaliser un film de zombies sans budget, en un seul plan-séquence et pour une diffusion en direct. Le court-métrage de 37 minutes qui en résulte est effectivement bien décevant, les acteurs jouent mal, les décors sont sans intérêt et en plus la caméra tremble. Mais tout commence réellement après le court-métrage : transporté un mois auparavant, le spectateur découvre alors le film sous un nouvel angle en suivant les coulisses de la production, depuis le moment où la chaîne de télévision a proposé au réalisateur ce projet impossible jusqu\'au tournage du film.', 2017, '1h 36min', 'https://images.justwatch.com/poster/155377725/s592/ne-coupez-pas'),
(178, 'A Beautiful Day', 'La fille d’un sénateur disparaît. Joe, un vétéran brutal et torturé, se lance à sa recherche. Confronté à un déferlement de vengeance et de corruption, il est entraîné malgré lui dans une spirale de violence...', 2017, '1h 29min', 'https://images.justwatch.com/poster/169316772/s592/a-beautiful-day'),
(179, 'Get Out', 'Couple mixte, Chris et sa petite amie Rose  filent le parfait amour. Le moment est donc venu de rencontrer la belle famille, Missy et Dean lors d’un week-end sur leur domaine dans le nord de l’État. Chris commence par penser que l’atmosphère tendue est liée à leur différence de couleur de peau, mais très vite une série d’incidents de plus en plus inquiétants lui permet de découvrir l’inimaginable.', 2017, '1h 44min', 'https://images.justwatch.com/poster/8997511/s592/get-out'),
(180, 'Le Sens de la fête', 'Max est traiteur depuis 30 ans. Des fêtes il en a organisé des centaines, il est même un peu au bout du parcours. Aujourd\'hui c\'est un sublime mariage dans un château du XVIIe siècle, un de plus, celui de Pierre et Héléna. Comme d\'habitude, Max a tout coordonné : il a recruté sa brigade de serveurs, de cuisiniers, de plongeurs, il a conseillé un photographe, réservé l\'orchestre, arrangé la décoration florale, bref tous les ingrédients sont réunis pour que cette fête soit réussie… Mais la loi des séries va venir bouleverser un planning sur le fil où chaque moment de bonheur et d\'émotion risque de se transformer en désastre ou en chaos. Des préparatifs jusqu\'à l\'aube, nous allons vivre les coulisses de cette soirée à travers le regard de ceux qui travaillent et qui devront compter sur leur unique qualité commune : le sens de la fête.', 2017, '1h 55min', 'https://images.justwatch.com/poster/10654630/s592/le-sens-de-la-fete'),
(181, 'Wonder Woman', 'Avant d\'être Wonder Woman, elle s\'appelait Diana, princesse des Amazones, entraînée pour être une guerrière impossible à conquérir. Elle est élevée sur une île isolée et paradisiaque, mais lorsqu\'un pilote américain s\'écrase sur leur rivage et annonce qu\'un conflit à grande échelle fait rage dans le monde, Diana quitte son foyer, convaincue qu\'elle doit arrêter cette menace. Combattant aux côtés de cet homme et des siens pour mettre fin à cette guerre et à toutes les guerres, Diana découvre ses vrais pouvoirs... Et son véritable destin.', 2017, '2h 21min', 'https://images.justwatch.com/poster/209827970/s592/wonder-woman-2017'),
(182, 'Blade Runner 2049', 'Le réalisateur nommé à l’Oscar Denis Villeneuve (PREMIER CONTACT) et le légendaire cinéaste Ridley Scott proposent avec BLADE RUNNER 2049, produit par Alcon Entertainment, une nouvelle vision du futur et la suite très attendue du célèbre film BLADE RUNNER, considéré par beaucoup comme le plus grand film de science-fiction jamais réalisé. En 2049, la société est fragilisée par les nombreuses tensions entre les humains et leurs esclaves créés par bioingénierie. L’officier K est un Blade Runner : il fait partie d’une force d’intervention d’élite chargée de trouver et d’éliminer ceux qui n’obéissent pas aux ordres des humains. Lorsqu’il découvre un secret enfoui depuis longtemps et capable de changer le monde, les plus hautes instances décident que c’est à son tour d’être traqué et éliminé. Son seul espoir est de retrouver Rick Deckard, un ancien Blade Runner qui a disparu depuis des décennies...', 2017, '2h 44min', 'https://images.justwatch.com/poster/21030494/s592/blade-runner-2049'),
(183, 'Le Grand Jeu', 'La prodigieuse histoire vraie d’une jeune femme surdouée devenue la reine d’un gigantesque empire du jeu clandestin à Hollywood ! En 2004, la jeune Molly Bloom débarque à Los Angeles. Simple assistante, elle épaule son patron qui réunit toutes les semaines des joueurs de poker autour de parties clandestines. Virée sans ménagement, elle décide de monter son propre cercle : la mise d’entrée sera de 250 000 $ ! Très vite, les stars hollywoodiennes, les millionnaires et les grands sportifs accourent. Le succès est immédiat et vertigineux. Acculée par les agents du FBI décidés à la faire tomber, menacée par la mafia russe décidée à faire main basse sur son activité, et harcelée par des célébrités inquiètes qu’elle ne les trahisse, Molly Bloom se retrouve prise entre tous les feux…', 2017, '2h 19min', 'https://images.justwatch.com/poster/39788581/s592/le-grand-jeu-2017'),
(184, 'Transformers : The Last Knight', 'The Last Knight fait voler en éclats les mythes essentiels de la franchise Transformers, et redéfinit ce que signifie être un héros. Les humains et les Transformers sont en guerre, Optimus a disparu. La clé pour sauver notre futur réside dans les secrets enfouis du passé, dans l’histoire cachée des Transformers sur Terre. La sauvegarde de notre monde repose sur les épaules d’une alliance inattendue : Cade Yeager, Bumblebee, un Lord anglais et un professeur d’Oxford. Vient un moment dans la vie de chacun où nous sommes appelés à changer les choses. Dans Transformers : The Last Knight, les proies vont devenir des héros. Les héros vont devenir des méchants. Un seule monde survivra : le leur, ou le nôtre.', 2017, '2h 29min', 'https://images.justwatch.com/poster/8637651/s592/transformers-the-last-knight'),
(185, 'Problemos', 'Jeanne et Victor sont deux jeunes parisiens de retour de vacances. En chemin, ils font une halte pour saluer leur ami Jean-Paul, sur la prairie où sa communauté a élu résidence. Le groupe lutte contre la construction d’un parc aquatique sur la dernière zone humide de la région, et plus généralement contre la société moderne, la grande Babylone. Séduits par une communauté qui prône le « vivre autrement », où l’individualisme, la technologie et les distinctions de genre sont abolis, Jeanne et Victor acceptent l’invitation qui leur est faite de rester quelques jours. Lorsqu’un beau matin la barrière de CRS qui leur fait face a disparu…la Communauté pense l’avoir emporté sur le monde moderne. Mais le plaisir est de courte durée…à l’exception de leur campement, la population terrestre a été décimée par une terrible pandémie. Ce qui fait du groupe les derniers survivants du monde. Va t’il falloir se trouver de nouveaux ennemis pour survivre ?', 2017, '1h 25min', 'https://images.justwatch.com/poster/92429806/s592/problemos'),
(186, 'Le Brio', 'Neïla Salah a grandi à Créteil. Jeune femme brillante, elle rêve de devenir avocate. Inscrite à l’Université d’Assas, dans les beaux quartiers parisiens, elle suit les cours de Pierre Mazard, professeur reconnu mais provocateur. Pour se racheter une conduite, ce dernier accepte de préparer Neïla au prestigieux concours d’éloquence. Portée par ce mentor à la fois tyrannique et bienveillant, Neïla plonge dans l’univers des joutes verbales, de la rhétorique et de l’excellence.', 2017, '1h 35min', 'https://images.justwatch.com/backdrop/29303118/s480/le-brio'),
(187, 'The Greatest Showman', 'The Greatest Showman célèbre la naissance du show‐business et l’émerveillement que l’on éprouve lorsque les rêves deviennent réalité. Inspirée par l’ambition et l’imagination de P.T Barnum, voici l’histoire d’un visionnaire parti de rien qui a créé un spectacle devenu un phénomène planétaire.', 2017, '1h 45min', 'https://images.justwatch.com/poster/62440186/s592/the-greatest-showman'),
(188, 'Pitch Perfect 3', 'Après avoir remporté les championnats du monde, les Bellas se retrouvent séparées et réalisent qu’il n’existe pas de perspective de travail qui permette de faire de la musique avec sa bouche. Mais lorsqu’on leur offre la chance de se retrouver une nouvelle fois sur scène pour une tournée à l’étranger, ce groupe de nerds se réunit pour une dernière nouvelle aventure musicale.', 2017, '1h 33min', 'https://images.justwatch.com/poster/80523448/s592/pitch-perfect-3'),
(189, 'Le Crime de l\'Orient-Express', 'Le luxe et le calme d’un voyage en Orient Express est soudainement bouleversé par un meurtre. Les 13 passagers sont tous suspects et le fameux détective Hercule Poirot se lance dans une course contre la montre pour identifier l’assassin, avant qu’il ne frappe à nouveau. D’après le célèbre roman d’Agatha Christie.', 2017, '1h 54min', 'https://images.justwatch.com/poster/214416296/s592/le-crime-de-lorient-express-2017'),
(190, 'Cinquante nuances plus sombres', 'Dépassée par les sombres secrets de Christian Grey, Ana Steele a mis un terme à leur relation pour se consacrer à sa carrière d\'éditrice. Mais son désir pour Grey occupe toujours toutes ses pensées et lorsqu\'il lui propose un nouvel accord, elle ne peut y résister. Peu à peu, elle en apprend davantage sur le douloureux passé de son ténébreux M. Grey, toujours aussi passionné. Tandis que Christian lutte contre ses démons intérieurs, Ana doit prendre la décision la plus importante de sa vie.', 2017, '1h 58min', 'https://images.justwatch.com/poster/9365167/s592/cinquante-nuances-plus-sombres'),
(191, 'John Wick 2', 'John Wick est forcé de sortir de sa retraite volontaire par un de ses ex-associés qui cherche à prendre le contrôle d’une mystérieuse confrérie de tueurs internationaux. Parce qu’il est lié à cet homme par un serment, John se rend à Rome, où il va devoir affronter certains des tueurs les plus dangereux du monde.', 2017, '2h 2min', 'https://images.justwatch.com/poster/8864174/s592/john-wick-2'),
(192, 'Rendel', 'Un Homme devient RENDEL, super-héros justicier et masqué pour se venger de l’organisation criminelle VALA, responsable du meurtre de sa famille.', 2017, '1h 45min', 'https://images.justwatch.com/poster/249817153/s592/rendel');
INSERT INTO `film` (`id_film`, `titre`, `resume`, `annee_sortie`, `duree`, `image`) VALUES
(193, 'Mektoub, My Love: Canto Uno', 'En France en 1994, Amin, parisien d\'adoption, retourne en été dans le Midi de la France où il a passé sa jeunesse chez ses parents qui tiennent un restaurant tunisien à Sète. Amin retrouve sa famille et ses amis de jeunesse, comme son cousin dragueur Tony ou sa meilleure amie Ophélie ; il passe son temps entre le restaurant familial, les bars du coin et la plage où viennent bronzer de jolies vacancières. Alors que Tony a du succès, Amin est plutôt timide. Il se trouve une occupation en photographiant la côte méditerranéenne dont il trouve la lumière fascinante.', 2017, '3h 0min', 'https://images.justwatch.com/poster/248403508/s592/mektoub-my-love-canto-uno'),
(194, '3 Billboards : Les Panneaux de la vengeance', 'Après des mois sans que l’enquête sur la mort de sa fille ait avancé, Mildred Hayes prend les choses en main, affichant un message controversé visant le très respecté chef de la police sur trois grands panneaux à l’entrée de leur ville.', 2017, '1h 55min', 'https://images.justwatch.com/poster/45246994/s592/three-billboards-outside-ebbing-missouri'),
(195, 'Ça', 'À Derry, dans le Maine, aux États-Unis, 7 gamins, ayant du mal à s’intégrer, se sont regroupés au sein du Club des Ratés. Rejetés par leurs camarades, ils sont les cibles favorites des gros durs de l’école. Ils ont aussi en commun d’avoir éprouvé leur plus grande terreur face à un terrible prédateur métamorphe qu’ils appellent Ça...', 2017, '2h 15min', 'https://images.justwatch.com/poster/10619182/s592/ca'),
(196, 'Road to Wasteland', 'Wasteland Weekend », le plus grand rassemblement au monde des fans de véhicules de Mad Max. Chaque année, au coeur du désert de Mojave, en Californie, des bricoleurs déjantés, pilotes et créateurs de voiture, se réunissent durant 4 jours coupés du monde, au volant de leurs répliques tout droit inspirés de la saga de Georges Miller, pour partager leur passion commune : les véhicules de l\'apocalypse !', 2017, '52min', 'https://images.justwatch.com/poster/193093588/s592/road-to-wasteland'),
(197, 'Alien : Covenant', 'Les membres d’équipage du vaisseau Covenant, à destination d’une planète située au fin fond de notre galaxie, découvrent ce qu’ils pensent être un paradis encore intouché. Il s’agit en fait d’un monde sombre et dangereux, cachant une menace terrible. Ils vont tout tenter pour s’échapper.', 2017, '2h 2min', 'https://images.justwatch.com/poster/9358696/s592/alien-covenant'),
(198, 'Call Me by Your Name', 'Été 1983. Elio Perlman, 17 ans, passe ses vacances dans la villa du XVIIe siècle que possède sa famille en Italie, à jouer de la musique classique, à lire et à flirter avec son amie Marzia. Son père, éminent professeur, et sa mère, traductrice, lui ont donné une excellente éducation. Un jour, Oliver, un séduisant Américain qui prépare son doctorat, vient travailler auprès du père d\'Elio. Elio et Oliver vont bientôt découvrir l\'éveil du désir...', 2017, '2h 12min', 'https://images.justwatch.com/poster/66686867/s592/call-me-by-your-name'),
(199, 'Pirates des Caraïbes : La Vengeance de Salazar', 'Jack Sparrow et ses compagnons se lancent dans la quête du Trident de Poséidon, sur lequel le Capitaine Teague détient des informations précieuses. Cet artefact légendaire, qui donne tous les pouvoirs sur les océans, est leur seul moyen d\'échapper aux fantômes du redoutable Capitaine Salazar, échappés du Triangle des Bermudes pour éliminer tous les pirates des océans.', 2017, '2h 9min', 'https://images.justwatch.com/poster/9321457/s592/pirates-des-caraibes-la-vengeance-de-salazar'),
(200, 'Jumanji : Bienvenue dans la jungle', 'Quatre lycéens découvrent une vieille console contenant un jeu vidéo dont ils n’avaient jamais entendu parler : Jumanji. En voulant jouer, ils se retrouvent mystérieusement propulsés dans la jungle de Jumanji, où ils deviennent leurs avatars. Spencer est désormais un aventurier musclé, Fridge, le footeux, devient un véritable Einstein, Bethany, la fille si populaire au lycée, se transforme en professeur d’âge mûr et la timide Martha est maintenant une redoutable combattante. Ils vont rapidement découvrir qu’il ne suffit pas de jouer à Jumanji, il faut y survivre… Pour vaincre le jeu et revenir dans le monde réel, ils vont devoir affronter les pires dangers, découvrir ce qu’Alan Parrish a laissé vingt ans auparavant, et changer leur façon de voir la vie et eux‐mêmes. Sinon, ils resteront prisonniers de Jumanji pour toujours…', 2017, '1h 59min', 'https://images.justwatch.com/poster/27347812/s592/jumanji-welcome-to-the-jungle'),
(201, 'Walk of Fame', 'Une équipe hétéroclite d\'artistes en herbe est dirigée par un entraîneur par intérim excentrique et volatile.', 2017, '1h 33min', 'https://images.justwatch.com/backdrop/10566836/s480/walk-of-fame'),
(202, 'Ce qui nous lie', 'Jean a quitté sa famille et sa Bourgogne natale il y a dix ans pour faire le tour du monde. En apprenant la mort imminente de son père, il revient dans la terre de son enfance. Il retrouve sa sœur, Juliette, et son frère, Jérémie. Leur père meurt juste avant le début des vendanges. En l’espace d’un an, au rythme des saisons qui s’enchaînent, ces 3 jeunes adultes vont retrouver ou réinventer leur fraternité, s’épanouissant et mûrissant en même temps que le vin qu’ils fabriquent.', 2017, '1h 53min', 'https://images.justwatch.com/poster/9643349/s592/ce-qui-nous-lie'),
(203, 'The Lost City of Z', 'Percy Fawcett est un colonel britannique reconnu et un mari aimant. En 1906, alors qu’il s’apprête à devenir père, la Société géographique royale d\'Angleterre lui propose de partir en Amazonie afin de cartographier les frontières entre le Brésil et la Bolivie. Sur place, l’homme se prend de passion pour l’exploration et découvre des traces de ce qu’il pense être une cité perdue très ancienne. De retour en Angleterre, Fawcett n’a de cesse de penser à cette mystérieuse civilisation, tiraillé entre son amour pour sa famille et sa soif d’exploration et de gloire…', 2017, '2h 21min', 'https://images.justwatch.com/poster/8817277/s592/the-lost-city-of-z'),
(204, 'Power Rangers', 'Dans une petite ville, cinq adolescents découvrent qu’ils ont des pouvoirs extraordinaires. Ils vont devoir apprendre à surmonter leurs peurs et à faire équipe pour devenir les Power Rangers : le destin les a choisis pour sauver le monde de la destruction orchestrée par une force extraterrestre surpuissante…', 2017, '2h 3min', 'https://images.justwatch.com/poster/8537134/s592/sabans-power-rangers'),
(205, 'Seven Sisters', '2073. La Terre est surpeuplée. Le gouvernement décide d’instaurer une politique d’enfant unique, appliquée de main de fer par le Bureau d’Allocation des Naissances, sous l’égide de Nicolette Cayman. Confronté à la naissance de septuplées, Terrence Settman décide de garder secrète l’existence de ses 7 petites-filles. Confinées dans leur appartement, prénommées d’un jour de la semaine, elles devront, chacune à leur tour, partager une identité unique à l’extérieur, simulant l’existence d’une seule personne : Karen Settman. Si le secret demeure intact des années durant, tout s’effondre le jour où Lundi disparaît mystérieusement...', 2017, '2h 3min', 'https://images.justwatch.com/poster/36694606/s592/seven-sisters'),
(206, 'Fast & Furious 8', 'Maintenant que Dom et Letty sont en lune de miel, que Brian et Mia se sont rangés et que le reste de l’équipe a été disculpé, la bande de globe-trotteurs retrouve un semblant de vie normale. Mais quand une mystérieuse femme entraîne Dom dans le monde de la criminalité, ce dernier ne pourra éviter de trahir ses proches qui vont faire face à des épreuves qu’ils n’avaient jamais rencontrées jusqu’alors.  Des rivages de Cuba aux rues de New York en passant par les plaines gelées de la mer arctique de Barrents, notre équipe va sillonner le globe pour tenter d\'empêcher une anarchiste de déchaîner un chaos mondial et de ramener à la maison l’homme qui a fait d’eux une famille.', 2017, '2h 16min', 'https://images.justwatch.com/poster/245175540/s592/fast-and-furious-8'),
(207, 'Phantom Thread', 'Dans le Londres glamour des années 50, le célèbre couturier Reynold Woodcock et sa sœur Cyril sont au cœur de la mode britannique, habillant la famille royale, les stars de cinéma, les héritières, les mondains et les dames dans le style reconnaissable de la Maison Woodcock. Les femmes défilent dans la vie de Woodcock, apportant à ce célibataire endurci inspiration et compagnie, jusqu’au jour où il rencontre Alma, une jeune femme au caractère fort qui deviendra rapidement sa muse et son amante. Lui qui contrôlait et planifiait sa vie au millimètre près, le voici bouleversé par l’amour.', 2017, '2h 10min', 'https://images.justwatch.com/poster/61923690/s592/phantom-thread'),
(208, '3 secondes', 'En 1972 aux jeux olympiques de Munich, l’équipe de basket-ball de l’Union soviétique joue la finale face à celle des Etats-Unis. Alors que tout semble tourné en faveur des Américains, les 3 dernières secondes de ce match mythique vont propulser l’équipe soviétique dans la légende du sport.', 2017, '2h 13min', 'https://images.justwatch.com/poster/241658230/s592/3-secondes'),
(209, 'The Foreigner', 'À Londres, un modeste propriétaire de restaurant de Chinatown va tenter de retrouver les terroristes irlandais responsables de la mort de sa fille.', 2017, '1h 53min', 'https://images.justwatch.com/poster/88344372/s592/the-foreigner'),
(210, 'Trainspotting', 'D’abord, une bonne occasion s’est présentée. Puis vint la trahison.  Vingt ans plus tard, certaines choses ont changé, d’autres non.  Mark Renton revient au seul endroit qu’il ait jamais considéré comme son foyer.  Spud, Sick Boy et Begbie l’attendent.  Mais d’autres vieilles connaissances le guettent elles aussi : la tristesse, le deuil, la joie, la vengeance, la haine, l’amitié, le désir, la peur, les regrets, l’héroïne, l’autodestruction, le danger et la mort. Toutes sont là pour l’accueillir, prêtes à entrer dans la danse...', 2017, '1h 57min', 'https://images.justwatch.com/poster/9143499/s592/trainspotting-2017'),
(211, 'Drone', 'Un pilote de drone de haut niveau partage sa vie entre ses missions et sa vie de famille en banlieue, jusqu\'à ce qu\'une fuite fasse de lui la cible d\'un homme d\'affaires pakistanais.', 2017, '1h 31min', 'https://images.justwatch.com/poster/9378631/s592/drone-2017'),
(212, 'Kingsman : Le Cercle d\'or', 'Kingsman, l’élite du renseignement britannique en costume trois pièces, fait face à une menace sans précédent. Alors qu’une bombe s’abat et détruit leur quartier général, les agents font la découverte d’une puissante organisation alliée nommée Statesman, fondée il y a bien longtemps aux États-Unis. Face à cet ultime danger, les deux services d’élite n’auront d’autre choix que de réunir leurs forces pour sauver le monde des griffes d’un impitoyable ennemi, qui ne reculera devant rien dans sa quête destructrice.', 2017, '2h 21min', 'https://images.justwatch.com/poster/27541580/s592/kingsman-le-cercle-dor'),
(213, 'Les Gardiennes', '1915, les hommes sont au front et les femmes ont dû s\'improviser gardiennes des fermes. Une mère, Hortense, travailleuse infatigable, embauche Francine, une jeune femme de l\'assistance publique, pour la seconder car sa propre fille Solange rechigne à se soumettre. Les deux femmes s\'accordent d\'emblée, mais pour sauver la cohésion de la famille, Hortense va devoir sacrifier la jeune femme et en payer le prix...', 2017, '2h 14min', 'https://images.justwatch.com/poster/29797675/s592/les-gardiennes'),
(214, 'Les Animaux Fantastiques', 'New York 1926. Une force mystérieuse sème le chaos dans les rues, menaçant de révéler l’existence de la communauté des sorciers. Au même moment, Norbert Dragonneau débarque dans la ville au terme d’un périple à travers le monde. Il a répertorié un bestiaire d’animaux fantastiques dont certains sont dissimulés dans sa valise. Mais quand Jacob Kowalski, Non‐Maj qui ne se doute de rien libère accidentellement quelques‐unes de ces créatures, ils vont devoir s’unir pour les retrouver avant qu’il ne soit trop tard. Ces héros improbables ne se doutent alors pas que leur mission les mènera à affronter les forces de ténèbres.', 2016, '2h 12min', 'https://images.justwatch.com/poster/8728598/s592/les-animaux-fantastiques'),
(215, 'Doctor Strange', 'Doctor Strange suit l’histoire du Docteur Stephen Strange, talentueux neurochirurgien qui, après un tragique accident de voiture, doit mettre son ego de côté et apprendre les secrets d’un monde caché de mysticisme et de dimensions alternatives. Basé à New York, dans le quartier de Greenwich Village, Doctor Strange doit jouer les intermédiaires entre le monde réel et ce qui se trouve au‐delà, en utilisant un vaste éventail d’aptitudes métaphysiques et d’artefacts pour protéger le Marvel Cinematic Universe.', 2016, '1h 55min', 'https://images.justwatch.com/poster/8729005/s592/doctor-strange'),
(216, 'Lion', 'Une incroyable histoire vraie :  À 5 ans, Saroo se retrouve seul dans un train traversant l’Inde qui l’emmène malgré lui à des milliers de kilomètres de sa famille. Perdu, le petit garçon doit apprendre à survivre seul dans l’immense ville de Calcutta.  Après des mois d’errance, il est recueilli dans un orphelinat et adopté par un couple d’Australiens.  25 ans plus tard, Saroo est devenu un véritable Australien, mais il pense toujours à sa famille en Inde. Armé de quelques rares souvenirs et d’une inébranlable détermination, il commence à parcourir des photos satellites sur Google Earth, dans l’espoir de reconnaître son village.  Mais peut-on imaginer retrouver une simple famille dans un pays d’un milliard d’habitants ?', 2016, '1h 58min', 'https://images.justwatch.com/poster/8753416/s592/lion'),
(217, 'La La Land', 'Au cœur de Los Angeles, une actrice en devenir prénommée Mia sert des cafés entre deux auditions. De son côté, Sebastian, passionné de jazz, joue du piano dans des clubs miteux pour assurer sa subsistance. Tous deux sont bien loin de la vie rêvée à laquelle ils aspirent…  Le destin va réunir ces doux rêveurs, mais leur coup de foudre résistera-t-il aux tentations, aux déceptions, et à la vie trépidante d’Hollywood ?', 2016, '2h 8min', 'https://images.justwatch.com/poster/9801013/s592/la-la-land'),
(218, 'Split', 'Les fractures mentales des personnes présentant un trouble dissociatif de la personnalité ont longtemps fasciné et échappé à la science, il se dit que certains peuvent également manifester des attributs physiques uniques pour chaque personnalité ; un prisme cognitif et physiologique dans un seul être. Kevin a manifesté 23 personnalités devant son psychiatre de longue date, le Dr Fletcher mais il en reste une, immergée, qui commence à se matérialiser et à dominer toutes les autres. Contraint d\'enlever trois adolescentes, dont la volontaire Casey, Kevin se bat pour survivre parmi tous ceux qui évoluent en lui-même – et autour de lui- tandis que les murs entre ses personnalités volent en éclats.', 2016, '1h 57min', 'https://images.justwatch.com/poster/9927609/s592/split'),
(219, 'Hacksaw Ridge', 'WWII American Army Medic Desmond T. Doss, who served during the Battle of Okinawa, refuses to kill people and becomes the first Conscientious Objector in American history to receive the Congressional Medal of Honor.', 2016, '2h 19min', 'https://images.justwatch.com/poster/9799317/s592/tu-ne-tueras-point'),
(220, 'Deadpool', 'Deadpool, est l\'anti-héros le plus atypique de l\'univers Marvel. À l\'origine, il s\'appelle Wade Wilson : un ancien militaire des Forces Spéciales devenu mercenaire. Après avoir subi une expérimentation hors norme qui va accélérer ses pouvoirs de guérison, il va devenir Deadpool. Armé de ses nouvelles capacités et d\'un humour noir survolté, Deadpool va traquer l\'homme qui a bien failli anéantir sa vie.', 2016, '1h 48min', 'https://images.justwatch.com/poster/176298250/s592/deadpool'),
(221, 'Tous en scène', 'Buster Moon est un élégant koala qui dirige un grand théâtre, jadis illustre, mais aujourd’hui tombé en désuétude. C’est un éternel optimiste, un peu bougon, qui aime son précieux théâtre au‐delà de tout et serait prêt à tout pour le sauver. C’est alors qu’il trouve une chance en or pour redorer son blason tout en évitant la destruction de ses rêves et de toutes ses ambitions : une compétition de chant. Cinq candidats sont retenus pour ce défi : une souris aussi séduisante que malhonnête, une jeune éléphante timide dévorée par le trac, une truie mère de famille débordée par ses 25 marcassins, un jeune gorille délinquant qui ne cherche qu’à échapper à sa famille, et une porc‐épic punk qui peine à se débarrasser de son petit ami à l’ego surdimensionné pour faire une carrière solo. Tout ce petit monde va venir chercher sur la scène de Buster l’opportunité qui pourra changer leur vie à jamais.', 2016, '1h 48min', 'https://images.justwatch.com/poster/9660497/s592/tous-en-scene-2016'),
(222, 'The Strangers', 'La vie d’un village coréen est bouleversée par une série de meurtres, aussi sauvages qu’inexpliqués, qui frappe au hasard la petite communauté rurale.  La présence, récente, d’un vieil étranger qui vit en ermite dans les bois attise rumeurs et superstitions.  Face à l’incompétence de la police pour trouver l’assassin ou une explication sensée, certains villageois demandent l’aide d’un chaman.  Pour Jong-gu aussi , un policier dont la famille est directement menacée, il est de plus en plus évident que ces crimes ont un fondement surnaturel…', 2016, '2h 36min', 'https://images.justwatch.com/poster/239291748/s592/the-strangers-2017'),
(223, 'Snowden', 'Patriote idéaliste et enthousiaste, le jeune Edward Snowden semble réaliser son rêve quand il rejoint les équipes de la CIA puis de la NSA. Il découvre alors au cœur des Services de Renseignements américains l\'ampleur insoupçonnée de la cyber-surveillance. Violant la Constitution, soutenue par de grandes entreprises, la NSA collecte des montagnes de données et piste toutes les formes de télécommunications à un niveau planétaire.  Choqué par cette intrusion systématique dans nos vies privées, Snowden décide de rassembler des preuves et de tout divulguer. Devenu lanceur d\'alerte, il sacrifiera sa liberté et sa vie privée.  En juin 2013, deux journalistes prennent le risque de le rencontrer dans une chambre d\'hôtel à Hong Kong. Une course contre la montre s\'engage pour analyser les preuves irréfutables présentées par Snowden avant leur publication.  Les révélations qui vont être faites dans cette pièce seront au cœur du plus grand scandale d\'espionnage de l\'histoire des États-Unis.', 2016, '2h 14min', 'https://images.justwatch.com/poster/80226388/s592/snowden'),
(224, 'Les Figures de l\'ombre', 'L’histoire de Katherine Johnson, Dorothy Vaughn et Mary Jackson, les cerveaux derrière le premier voyage spatial habité réussi par les Américains en 1962. Ces trois Afro‐Américaines travaillaient pour la NASA et ont permis à l’astronaute John Glenn de réaliser son premier vol en orbite, tout juste 10 mois après le Russe Yuri Gagarine. Cet exploit a redonné confiance à l’Amérique et a relancé la course à l’espace entre les deux grandes puissances politiques de l’époque. Le trio visionnaire a su surpasser les questions raciales et de genre et a jeté les bases du programme spatial qui a abouti à la vision de Kennedy du premier homme sur la Lune.', 2016, '2h 7min', 'https://images.justwatch.com/poster/19831803/s592/les-figures-de-lombre'),
(225, 'Mademoiselle', 'Corée. Années 30, pendant la colonisation japonaise. Une jeune femme est engagée comme servante d’une riche japonaise, vivant recluse dans un immense manoir sous la coupe d’un oncle tyrannique. Mais Sookee a un secret. Avec l’aide d’un escroc se faisant passer pour un comte japonais, ils ont d’autres plans pour Hideko…', 2016, '2h 25min', 'https://images.justwatch.com/poster/25402656/s592/mademoiselle-2016'),
(226, 'Nerve', 'En participant à Nerve, un jeu qui diffuse en direct sur Internet des défis filmés, Vee et Ian décident de s’associer pour relever des challenges de plus en plus risqués et gagner toujours plus d’argent.  Mais bientôt les deux « Joueurs » s’aperçoivent que leurs moindres mouvements sont manipulés par une communauté anonyme de « Voyeurs ». Le jeu vire au cauchemar. Impossible d’arrêter…', 2016, '1h 36min', 'https://images.justwatch.com/poster/176357118/s592/nerve'),
(227, 'Les Tuche 2 : Le Rêve américain', 'Les Tuche, une famille française modeste, voit leur vie changer après avoir gagné 100 millions d’euros au loto. Grâce à l’argent de ses parents, le benjamin de la fratrie, Donald, dit « Coin‐coin », part un mois à Los Angeles pour améliorer son anglais. C’est sur le campus de l’université de L.A. qu’il rencontre Jennifer, fille d’un célèbre financier américain. Impressionné par cette famille qui est l’opposé de la sienne, il se sent obligé de mentir sur les Tuche, persuadé que les deux familles ne se rencontreront jamais. Mais les Tuche débarquent à Los Angeles pour faire une surprise à Donald, et les choses ne vont pas se passer comme prévu, mais alors pas du tout.', 2016, '1h 34min', 'https://images.justwatch.com/poster/50745154/s592/les-tuche-2-le-reve-americain'),
(228, 'Five', 'Cinq amis d\'enfance rêvent depuis toujours d\'habiter en colocation. Lorsque l’occasion d’emménager ensemble se présente, Julia, Vadim, Nestor et Timothée n’hésitent pas une seule seconde, surtout quand Samuel se propose de payer la moitié du loyer ! A peine installés, Samuel se retrouve sur la paille mais décide de ne rien dire aux autres et d\'assumer sa part en se mettant à vendre de l\'herbe. Mais n\'est pas dealer qui veut et quand tout dégénère, Samuel n’a d’autres choix que de se tourner vers la seule famille qu\'il lui reste : ses amis !', 2016, '1h 42min', 'https://images.justwatch.com/poster/10354923/s592/five'),
(229, 'Premier Contact', 'Le monde a été envahi par des extraterrestres. Le gouvernement américain embauche alors un linguiste afin qu\'il déchiffre leur langage et découvre leurs intentions.', 2016, '1h 52min', 'https://images.justwatch.com/poster/90873196/s592/premier-contact'),
(230, 'Your Name.', 'Mitsuha est une lycéenne, la fille du maire d\'une petite ville nichée entre les montagnes. Vivant avec sa petite sœur et sa grand-mère, c\'est une demoiselle franche qui n\'hésite pas à dire qu\'elle n\'a pas envie de participer aux rituels shinto, ou d\'aider son père dans ses campagnes électorales. En fait, elle rêve de pouvoir quitter cette ville où elle s\'ennuie, pour partir tenter sa chance à la capitale.  Taki est un lycéen, un tokyoïte qui travaille à mi-temps dans un restaurant italien, tout en aspirant à des études d\'architecture ou dans les Beaux-Arts. Chaque nuit, il fait un rêve étrange, où il devient... une lycéenne campagnarde, vivant dans une petite ville entre les montagnes.  Quel secret se cache derrière ces rêves mutuels, qui unissent ces deux êtres qui ne se sont jamais rencontrés ?', 2016, '1h 46min', 'https://images.justwatch.com/poster/193201137/s592/your-name'),
(231, 'Sinister Squad', 'Une armée des ténèbres, « Les messagers de la mort », se répandent sur notre planète et font régner terreur et désolation. Pour sauver le monde, Alice doit réunir une équipe de super vilains aux pouvoirs maléfiques qui combattront le mal par le mal.', 2016, '1h 30min', 'https://images.justwatch.com/backdrop/250091121/s480/sinister-squad'),
(232, 'Swiss Army Man', 'Hank, un homme désespéré errant dans la nature, découvre un mystérieux cadavre. Ils vont tous les deux embarquer dans un voyage épique afin de retrouver leur foyer. Lorsque Hank réalise que ce corps abandonné est la clé de sa survie, le suicidaire d\'autrefois est forcé de convaincre un cadavre que la vie vaut la peine d\'être vécue.', 2016, '1h 37min', 'https://images.justwatch.com/poster/38329002/s592/swiss-army-man'),
(233, 'Conjuring 2 : Le cas Enfield', 'Ce thriller paranormal nous présente une nouvelle fois un cas réel tiré des archives des célèbres démonologues Ed et Lorraine Warren. Dans le cadre de l\'une de leurs enquêtes les plus terrifiantes, ils se rendent dans le nord de Londres pour aider une mère célibataire qui élève ses quatre enfants dans une maison hantée par des esprits maléfiques.', 2016, '2h 14min', 'https://images.justwatch.com/poster/9633763/s592/conjuring-2'),
(234, 'Dernier train pour Busan', 'Tandis qu\'un virus qui transforme tous les êtres vivants en zombies ravage la Corée du Sud, un père et sa fille tentent de survivre dans le dernier train pour Busan, l\'unique ville à n\'avoir pas encore été contaminée.', 2016, '1h 58min', 'https://images.justwatch.com/poster/246607124/s592/dernier-train-pour-busan'),
(235, 'Captain Fantastic', 'Dans les forêts reculées du nord-ouest des États-Unis, vivant isolé de la société, un père dévoué a consacré sa vie tout entière à faire de ses six jeunes enfants d’extraordinaires adultes. Mais quand le destin frappe sa famille, ils doivent abandonner ce paradis qu’il avait créé pour eux. La découverte du monde extérieur va l’obliger à questionner ses méthodes d’éducation et remettre en cause tout ce qu’il leur a appris.', 2016, '1h 59min', 'https://images.justwatch.com/poster/8812073/s592/captain-fantastic'),
(236, 'Le Fondateur', 'Dans les années 50, Ray Kroc rencontre les frères McDonald qui tiennent un restaurant de burgers en Californie. Bluffé par leur concept, Ray leur propose de franchiser la marque et va s\'en emparer pour bâtir l\'empire que l\'on connaît aujourd\'hui.', 2016, '1h 55min', 'https://images.justwatch.com/poster/29973384/s592/the-founder'),
(237, 'Grave', 'Dans la famille de Justine tout le monde est vétérinaire et végétarien. À 16 ans, elle est une adolescente surdouée sur le point d’intégrer l’école véto où sa sœur ainée est également élève. Mais, à peine installés, le bizutage commence pour les premières années. On force Justine à manger de la viande crue. C’est la première fois de sa vie. Les conséquences ne se font pas attendre. Justine découvre sa vraie nature.', 2016, '1h 38min', 'https://images.justwatch.com/poster/153371238/s592/grave'),
(238, 'Batman v Superman : L\'Aube de la Justice', 'Craignant que Superman n’abuse de sa toute‐puissance, le Chevalier noir décide de l’affronter : le monde a‐t‐il davantage besoin d’un super‐héros aux pouvoirs sans limite ou d’un justicier à la force redoutable mais d’origine humaine ? Pendant ce temps‐là, une terrible menace se profile à l’horizon…', 2016, '2h 33min', 'https://images.justwatch.com/poster/249825141/s592/batman-v-superman-laube-de-la-justice'),
(239, 'Gold', 'Kenny Wells a grandi dans le milieu des chercheurs d’or. Tout comme son père, il n’a pas peur de gravir des montagnes et de creuser le sol pour faire fortune. Mais dans un monde où le simple jeu du hasard peut faire la différence entre un milliardaire et un loser absolu, on ne peut pas dire que la chance ait souri à Kenny. Pourtant, l’homme incarne l’esprit d’entrepreneur par excellence et la foi inébranlable dans la capacité à surmonter tous les obstacles. Il vend donc le peu qu’il lui reste et part à l’autre bout de la planète: en Indonésie. Il a la conviction qu’il va trouver de l’or dans l’une des jungles les plus denses et les plus terrifiantes du monde: Bornéo. Après s’être associé avec le légendaire géologue Mike Acosta, ils vont devoir affronter ensemble la nature, les institutions financières de Wall Street et les pires complots…', 2016, '2h 1min', 'https://images.justwatch.com/poster/8863435/s592/gold-2016'),
(240, 'Planete des requins', 'Dans un avenir proche, la fonte des glaciers a couvert 98% de la superficie de la terre. Les requins ont prospéré et maintenant dominer la planète, fonctionnant comme une école dirigée par un énorme requin alpha muté.', 2016, '1h 25min', 'https://images.justwatch.com/backdrop/11366845/s480/planete-des-requins'),
(241, 'Juste la fin du monde', 'Adapté de la pièce de théâtre éponyme de Jean-Luc Lagarce, le film raconte l’après-midi en famille d’un jeune auteur qui, après 12 ans d’absence, retourne dans son village natal afin d’annoncer aux siens sa mort prochaine.', 2016, '1h 36min', 'https://images.justwatch.com/poster/179846850/s592/juste-la-fin-du-monde'),
(242, 'Marauders', 'Un agent du FBI poursuit un groupe de braqueurs de banque qui cède ses gains à des oeuvres de charité. Au cours de son enquête, il découvre une nouvelle piste qu\'un des propriétaires de banque lui a caché.', 2016, '1h 47min', 'https://images.justwatch.com/backdrop/147948170/s480/marauders'),
(243, '10 Cloverfield Lane', 'Une jeune femme se réveille dans une cave après un accident de voiture. Ne sachant pas comment elle a atterri dans cet endroit, elle pense tout d\'abord avoir été kidnappée. Son gardien tente de la rassurer en lui disant qu\'il lui a sauvé la vie après une attaque chimique d\'envergure. En l\'absence de certitude, elle décide de s\'échapper...', 2016, '1h 45min', 'https://images.justwatch.com/poster/8810490/s592/10-cloverfield-lane'),
(244, 'Tunnel', 'Alors qu\'il rentre retrouver sa famille, un homme est accidentellement enseveli sous un tunnel, au volant de sa voiture. Pendant qu\'une opération de sauvetage d\'envergure nationale se met en place pour l\'en sortir, scrutée et commentée par les médias, les politiques et les citoyens, l\'homme joue sa survie avec les maigres moyens à sa disposition. Combien de temps tiendra-t-il ?', 2016, '2h 6min', 'https://images.justwatch.com/poster/29990384/s592/tunnel'),
(245, 'Assassin\'s Creed', 'Grâce à une technologie révolutionnaire qui révèle la mémoire génétique, Callum Lynch revit les aventures de son ancêtre, Aguilar, dans l\'Espagne du XVe siècle. Callum découvre qu\'il est issu d\'une mystérieuse société secrète, les Assassins, et amasse les connaissances dont il aura besoin pour affronter une autre redoutable organisation : l\'Ordre des templiers.', 2016, '1h 55min', 'https://images.justwatch.com/poster/8537818/s592/assassins-creed'),
(246, 'Finding Altamira', 'L\'histoire de Maria, 9 ans et de son père Marcelino qui, en 1879,  trouvèrent les premières peintures rupestres préhistoriques dans la grotte maintenant célèbre d\'Altamira.', 2016, '1h 37min', 'https://images.justwatch.com/backdrop/1352225/s480/altamira'),
(247, 'Independence Day : Resurgence', 'La Terre est menacée par une catastrophe d\'une ampleur inimaginable. Pour la protéger, toutes les nations ont collaboré autour d\'un programme de défense colossal exploitant la technologie extraterrestre récupérée. Mais rien ne peut nous préparer à la force de frappe sans précédent des aliens. Seule l\'ingéniosité et le courage de quelques hommes et femmes peuvent sauver l\'humanité de l\'extinction.', 2016, '2h 0min', 'https://images.justwatch.com/poster/8802475/s592/independence-day-resurgence'),
(248, 'Suicide Squad', 'C’est tellement jouissif d’être un salopard ! Face à une menace aussi énigmatique qu’invincible, l’agent secret Amanda Waller réunit une armada de crapules de la pire espèce. Armés jusqu’aux dents par le gouvernement, ces Super‐Méchants s’embarquent alors pour une mission‐suicide. Jusqu’au moment où ils comprennent qu’ils ont été sacrifiés. Vont‐ils accepter leur sort ou se rebeller ?', 2016, '2h 10min', 'https://images.justwatch.com/poster/9017348/s592/suicide-squad'),
(249, 'Silent Voice', 'Nishimiya est une élève douce et attentionnée. Chaque jour, elle est harcelée par Ishida, car elle est sourde. Dénoncé pour son comportement, le garçon est à son tour mis à l’écart et renvoyé de l’école… Des années plus tard, il apprend la langue des signes… et part à la recherche de la jeune fille.', 2016, '2h 10min', 'https://images.justwatch.com/poster/78109974/s592/silent-voice'),
(250, 'La Folle Histoire de Max et Léon', 'La guerre vient d\'éclater et Max et Léon doivent s\'engager, comme des milliers de jeunes en 1939. Et si au départ ils ne réalisent pas vraiment les conséquences d\'une telle mission, ils ne vont pas tarder à découvrir que la guerre n\'est pas une affaire à prendre à la légère. Et quand la défaite frappe, c\'est encore moins réjouissant. Max et Léon n\'ont plus qu\'une idée en tête : rentrer le plus vite possible et coûte que coûte chez eux, à Mâcon. Mais c\'est sans compter les forces et les hommes qui sont aux commandes et qui ne comptent pas les lâcher comme ça.', 2016, '1h 38min', 'https://images.justwatch.com/poster/58490380/s592/la-folle-histoire-de-max-et-leon'),
(251, 'Insaisissables 2', 'Un an après avoir surpassé le FBI et acquis l’admiration du grand public grâce à leurs tours exceptionnels, Les 4 Cavaliers reviennent ! Pour leur retour sur le devant de la scène, ils vont dénoncer les méthodes peu orthodoxe d’un magnat de la technologie à la tête d’une vaste organisation criminelle. Ils ignorent que cet homme d’affaire, Walter Marbry a une longueur d’avance sur eux, et les conduit dans un piège : il veut que les magiciens braquent l’un des systèmes informatiques les plus sécurisés du monde. Pour sortir de ce chantage et déjouer les plans de ce syndicat du crime, ils vont devoir élaborer le braquage le plus spectaculaire jamais conçu.', 2016, '2h 9min', 'https://images.justwatch.com/poster/8750537/s592/insaisissables-2'),
(252, 'À Fond', 'Une famille embarque dans son monospace flambant neuf, au petit matin, afin d’éviter les embouteillages pour les vacances d’été. Tom, le père, enclenche son régulateur de vitesse électronique sur 130 km/h. Au moment où une dernière bourde de Ben, le beau‐père, pousse Julia, excédée, à demander qu’on fasse demi‐tour, Tom s’aperçoit qu’il ne contrôle plus son véhicule. L’électronique de bord ne répond plus, la vitesse est bloquée à 130 km/h. Toutes les manœuvres pour ralentir la voiture emballée restent sans effet. Une voiture folle, six passagers au bord de la crise de nerfs et un embouteillage monstre qui les attend à moins de deux cents kilomètres de là…', 2016, '1h 31min', 'https://images.justwatch.com/poster/190307736/s592/a-fond'),
(253, 'The Witch', '1630, en Nouvelle-Angleterre. William et Katherine, un couple dévot, s’établit à la limite de la civilisation, menant une vie pieuse avec leurs cinq enfants et cultivant leur lopin de terre au milieu d’une étendue encore sauvage. La mystérieuse disparition de leur nouveau-né et la perte soudaine de leurs récoltes vont rapidement les amener à se dresser les uns contre les autres…', 2015, '1h 30min', 'https://images.justwatch.com/poster/197633132/s592/the-witch'),
(254, 'Jurassic World', 'Après le décès de son fondateur John Hammond, la société de biotechnologie InGen a été rachetée par Simon Masrani, PDG de la Masrani Global Corporation. Deux décennies après les événements tragiques de 1993, un nouveau parc a ouvert ses portes sur Isla Nublar, au large du Costa Rica. C’est plus de vingt mille visiteurs qui débarquent chaque jour à « Jurassic World », le « plus grand parc à thèmes jamais construit dans l’histoire humaine » pour profiter pleinement du cadre idyllique de l’île et de ses attractions. Les scientifiques de la réserve biologique, sous la direction du Dr Henry Wu, étudient le comportement des animaux, des dinosaures vivants recréés à partir de leur ADN fossilisé dans de lʼambre. Mais alors que tout le monde croyait les leçons du passé assimilées, un nouvel incident éclate…', 2015, '2h 0min', 'https://images.justwatch.com/poster/175533836/s592/jurassic-world'),
(255, 'Enfant 44', 'Hiver 1952, Moscou. Leo Demidov est un brillant agent de la police secrète soviétique, promis à un grand avenir au sein du Parti. Lorsque le corps d’un enfant est retrouvé sur une voie ferrée, il est chargé de classer l’affaire. Il s’agit d’un accident, Staline ayant décrété que le crime ne pouvait exister dans le parfait Etat communiste. Mais peu à peu, le doute s’installe dans l’esprit de Léo et il découvre que d’autres enfants ont été victimes « d’accidents » similaires. Tombé en disgrâce, soupçonné de trahison, Léo est contraint à l\'exil avec sa femme, Raïssa. Prenant tous les risques, Léo et Raïssa vont se lancer dans la traque de ce tueur en série invisible, qui fera d\'eux des ennemis du peuple...', 2015, '2h 17min', 'https://images.justwatch.com/poster/175708451/s592/enfant-44'),
(256, 'Un Moment d\'égarement', 'Antoine et Laurent, amis de longue date, passent leurs vacances en Corse avec leurs filles respectives : Louna, 17 ans et Marie, 18 ans.  Un soir sur la plage, Louna séduit Laurent.  Louna est amoureuse mais pour Laurent ce n\'est qu\'un moment d\'égarement... Sans dévoiler le nom de son amant, Louna se confie à son père qui cherche par tous les moyens à découvrir de qui il s\'agit...  Combien de temps le secret pourra-t-il être gardé ?', 2015, '1h 45min', 'https://images.justwatch.com/poster/10679275/s592/un-moment-degarement'),
(257, 'The Big Short : Le Casse du Siècle', 'Wall Street. 2005.  Profitant de l’aveuglement généralisé des grosses banques, des médias et du gouvernement, quatre outsiders anticipent l’explosion de la bulle financière et mettent au point… le casse du siècle! Michael Burry, Steve Eisman, Greg Lippmann et Ben Hockett: des personnages visionnaires et hors du commun qui vont parier contre les banques… et tenter de rafler la mise!', 2015, '2h 10min', 'https://images.justwatch.com/poster/176219850/s592/le-casse-du-siecle-2015'),
(258, 'Kingsman : Services secrets', 'Kingsman, l’élite du renseignement britannique en costumes trois pièces, est à la recherche de sang neuf. Pour recruter leur nouvel agent secret, elle doit faire subir un entrainement de haut vol à de jeunes privilégiés aspirant au job rêvé. L’un d’eux semble être le candidat « imparfaitement idéal » : un jeune homme impertinent de la banlieue londonienne nommé Eggsy. Ces super-espions parviendront-ils à contrer la terrible menace que fait peser sur le monde l’esprit torturé du criminel Richmond Valentine, génie de la technologie ?', 2015, '2h 3min', 'https://images.justwatch.com/poster/10107753/s592/kingsman-services-secrets'),
(259, 'Ex Machina', 'Caleb, 24 ans, est programmeur de l\'une des plus importantes entreprise d\'informatique au monde. Lorsqu\'il gagne un concours pour passer une semaine dans un lieu retiré en montagne appartenant à Nathan, le PDG solitaire de son entreprise, il découvre qu\'il va en fait devoir participer à une étrange et fascinante expérience dans laquelle il devra interagir avec la première intelligence artificielle au monde qui prend la forme d\'un superbe robot féminin.', 2015, '1h 48min', 'https://images.justwatch.com/poster/258397779/s592/ex_machina'),
(260, 'Les Huit Salopards', 'Après la Guerre de Sécession, huit voyageurs se retrouvent coincés dans un refuge au milieu des montagnes. Alors que la tempête s\'abat au-dessus du massif, ils réalisent qu\'ils n\'arriveront peut-être pas à rallier Red Rock comme prévu...', 2015, '3h 8min', 'https://images.justwatch.com/poster/176325382/s592/les-huit-salopards'),
(261, 'Knock Knock', 'Deux jeunes femmes débarquent dans la maison d\'un homme marié et commencent à détruire méthodiquement sa vie idyllique.', 2015, '1h 39min', 'https://images.justwatch.com/backdrop/184692568/s480/knock-knock'),
(262, 'Adaline', 'Après un accident qui aurait dû lui être fatal, la belle Adaline cesse de vieillir. Aujourd\'hui, bien qu\'ayant vécu près de huit décennies, elle est toujours âgée de 29 ans. Après avoir mené une existence solitaire afin de ne jamais révéler son secret, une rencontre fortuite avec le philanthrope et charismatique Ellis Jones, va raviver sa passion de la vie et de l\'amour.', 2015, '1h 52min', 'https://images.justwatch.com/poster/176833747/s592/adaline-2015'),
(263, 'Le pont des espions', 'James Donovan, un avocat de Brooklyn se retrouve plongé au cœur de la guerre froide lorsque la CIA l’envoie accomplir une mission presque impossible : négocier la libération du pilote d’un avion espion américain U-2 qui a été capturé.', 2015, '2h 22min', 'https://images.justwatch.com/poster/9876946/s592/le-pont-des-espions'),
(264, 'Seul sur Mars', 'Au cours d’une mission spatiale habitée sur Mars, et à la suite d’un violent orage, l’astronaute Mark Watney est laissé pour mort et abandonné sur place par son équipage. Mais Watney a survécu et se retrouve seul sur cette planète hostile. Avec de maigres provisions, il ne doit compter que sur son ingéniosité, son bon sens et son intelligence pour survivre et trouver un moyen d’alerter la Terre qu’il est encore vivant. À des millions de kilomètres de là, la NASA et une équipe de scientifiques internationaux travaillent sans relâche pour ramener « le Martien » sur terre, pendant que, en parallèle, ses coéquipiers tentent secrètement d’organiser une audacieuse voire impossible mission de sauvetage.', 2015, '2h 21min', 'https://images.justwatch.com/poster/257270602/s592/seul-sur-mars'),
(265, 'Mad Max : Fury Road', 'Hanté par un lourd passé, Mad Max estime que le meilleur moyen de survivre est de rester seul. Cependant, il se retrouve embarqué par une bande qui parcourt le désert à bord d’un véhicule militaire piloté par l’Impératrice Furiosa. Ils fuient la Citadelle où sévit le terrible Immortan Joe qui s’est fait voler un objet irremplaçable. Enragé, ce Seigneur de guerre envoie ses hommes pour traquer les rebelles impitoyablement…', 2015, '2h 0min', 'https://images.justwatch.com/poster/60056394/s592/mad-max-fury-road'),
(266, 'Spectre', 'Un message cryptique venu tout droit de son passé pousse Bond à enquêter sur une sinistre organisation. Alors que M affronte une tempête politique pour que les services secrets puissent continuer à opérer, Bond s’échine à révéler la terrible vérité derrière… le Spectre.', 2015, '2h 28min', 'https://images.justwatch.com/poster/9562445/s592/spectre'),
(267, 'Sicario', 'La zone frontalière entre les États‐Unis et le Mexique est devenue un territoire de non‐droit. Kate, une jeune recrue idéaliste du FBI, y est enrôlée pour aider un groupe d’intervention d’élite dirigé par un agent du gouvernement dans la lutte contre le trafic de drogues. Menée par un consultant énigmatique l’équipe se lance dans un périple clandestin, obligeant Kate à remettre en question ses convictions pour pouvoir survivre.', 2015, '2h 2min', 'https://images.justwatch.com/poster/241308192/s592/sicario'),
(268, 'Témoin à louer', 'Un homme solitaire se voit dans l’obligation de rémunérer un inconnu pour lui servir de témoin lors de son prochain mariage.', 2015, '1h 41min', 'https://images.justwatch.com/poster/139212454/s592/temoin-a-louer'),
(269, 'Love', 'Un 1er janvier au matin, le téléphone sonne. Murphy, 25 ans, se réveille entouré de sa jeune femme et de son enfant de deux ans. Il écoute son répondeur. Sur le message, la mère d\'Electra lui demande, très inquiète, s\'il n\'a pas eu de nouvelle de sa fille disparue depuis longtemps. Elle craint qu\'il lui soit arrivé un accident grave.  Au cours d\'une longue journée pluvieuse, Murphy va se retrouver seul dans son appartement à se remémorer sa plus grande histoire d\'amour, deux ans avec Electra. Une passion contenant toutes sortes de promesses, de jeux, d\'excès et d\'erreurs...', 2015, '2h 15min', 'https://images.justwatch.com/poster/272878146/s592/love'),
(270, 'It Follows', 'Après une expérience sexuelle apparemment anodine, Jay se retrouve confrontée à d\'étranges visions et  l\'inextricable impression que quelqu\'un, ou quelque chose, la suit. Abasourdis, Jay et ses amis doivent trouver une échappatoire à la menace qui semble les rattraper...', 2015, '1h 40min', 'https://images.justwatch.com/poster/139649239/s592/it-follows'),
(271, 'Room', 'Jack, 5 ans, vit seul avec sa mère, Ma. Elle lui apprend à jouer, à rire et à comprendre le monde qui l’entoure. Un monde qui commence et s’arrête aux murs de leur chambre, où ils sont retenus prisonniers, le seul endroit que Jack ait jamais connu. L’amour de Ma pour Jack la pousse à tout risquer pour offrir à son fils une chance de s’échapper et de découvrir l’extérieur, une aventure à laquelle il n’était pas préparé.', 2015, '1h 58min', 'https://images.justwatch.com/poster/176211373/s592/room'),
(272, 'Spotlight', 'Adapté de faits réels, Spotlight retrace la fascinante enquête du Boston Globe – couronnée par le prix Pulitzer – qui a mis à jour un scandale sans précédent au sein de l’Eglise Catholique. Une équipe de journalistes d’investigation, baptisée Spotlight, a enquêté pendant 12 mois sur des suspicions d’abus sexuels au sein d’une des institutions les plus anciennes et les plus respectées au monde. L’enquête révèlera que L’Eglise Catholique a protégé pendant des décennies les personnalités religieuses, juridiques et politiques les plus en vue de Boston, et déclenchera par la suite une vague de révélations dans le monde entier.', 2015, '2h 9min', 'https://images.justwatch.com/poster/87188273/s592/spotlight'),
(273, 'Nous trois ou rien', 'D’un petit village du sud de l’Iran aux cités parisiennes, Kheiron nous raconte le destin hors du commun de ses parents Hibat et Fereshteh, éternels optimistes, dans une comédie aux airs de conte universel qui évoque l’amour familial, le don de soi et surtout l’idéal d’un vivre-ensemble.', 2015, '1h 42min', 'https://images.justwatch.com/poster/10564384/s592/nous-trois-ou-rien'),
(274, 'Legend', 'Londres, les années soixante. Les jumeaux Ronald et Reginald Kray à la tête du célèbre gang The Firm règnent en maîtres sur la ville. Legend nous fait découvrir les coulisses de l’ascension et la chute de ces deux grands noms du crime organisé, chute amorcée lorsque Frances, la femme de Reggie, incitera son mari à s’éloigner du business au grand désespoir de son frère.', 2015, '2h 12min', 'https://images.justwatch.com/poster/78669721/s592/legend-2015'),
(275, 'Hello, My Name Is Doris', 'Employée de bureau dans la soixantaine, Doris Miller tombe follement amoureuse de son collègue John Freemont, un nouveau directeur artistique de Los Angeles très séduisant, mais beaucoup plus jeune qu\'elle. Un séminaire de conditionnement positif du coach de vie Willy Williams convainc Doris de passer en mode offensif pour attirer l\'attention de John et se retrouver à son bras. Pendant que sa s?ur s\'entête à mettre la maison de Staten Island de leur défunte mère en vente, Doris, collectionneuse excentrique, délaisse ses amies de son âge pour assister à des concerts de musique électronique.', 2015, '1h 35min', 'https://images.justwatch.com/backdrop/196897693/s480/hello-my-name-is-doris'),
(276, 'The Revenant', 'Dans une Amérique profondément sauvage, le trappeur Hugh Glass est sévèrement blessé et laissé pour mort par un traître de son équipe, John Fitzgerald. Avec sa seule volonté pour unique arme, Glass doit affronter un environnement hostile, un hiver brutal et des tribus guerrières, dans une inexorable lutte pour sa survie, portée par un intense désir de vengeance.', 2015, '2h 37min', 'https://images.justwatch.com/poster/8756429/s592/le-revenant'),
(277, 'Hunger Games : La Révolte, 2ème Partie', 'Alors que Panem est ravagé par une guerre désormais totale, Katniss et le Président Snow vont s’affronter pour la dernière fois. Katniss et ses plus proches amis – Gale, Finnick, et Peeta – sont envoyés en mission pour le District 13 : ils vont risquer leur vie pour tenter d’assassiner le Président Snow, qui s’est juré de détruire Katniss. Les pièges mortels, les ennemis et les choix déchirants qui attendent Katniss seront des épreuves bien pires que tout ce qu’elle a déjà pu affronter dans l’arène…', 2015, '2h 17min', 'https://images.justwatch.com/poster/175462912/s592/hunger-games-la-revolte-2eme-partie'),
(278, 'Comment c\'est loin', 'Après une dizaine d’années de non-productivité, Orel et Gringe, la trentaine, galèrent à écrire leur premier album de rap. Leurs textes, truffés de blagues de mauvais goût et de références alambiquées, évoquent leur quotidien dans une ville moyenne de province. Le problème : impossible de terminer une chanson. A l’issue d’une séance houleuse avec leurs producteurs, ils sont au pied du mur : ils ont 24h pour sortir une chanson digne de ce nom. Leurs vieux démons, la peur de l’échec, la procrastination, les potes envahissants, les problèmes de couple, etc. viendront se mettre en travers de leur chemin. Chemin qu’ils n’avaient de toute façon pas pris dans le bon sens…', 2015, '1h 30min', 'https://images.justwatch.com/poster/10069532/s592/comment-cest-loin'),
(279, 'Halo : The Fall of Reach', 'Des enfants kidnappés dès leur plus jeune âge sont enrôlés de force dans un entraînement militaire brutal et un programme d’amélioration. Connus sous le nom de Spartan, ces enfants sont destinés à devenir l’arme ultime contre le chaos et la révolte. Mais quand une dangereuse alliance étrangère, appelée Covenant, déclare la guerre à l’humanité, les Spartans semblent être notre seul espoir de survie.', 2015, '1h 7min', 'https://images.justwatch.com/backdrop/770064/s480/halo-the-fall-of-reach'),
(280, 'Docteur Frankenstein', 'Le scientifique aux méthodes radicales Victor Frankenstein et son tout aussi brillant protégé Igor Strausman partagent une vision noble : celle d’aider l’humanité à travers leurs recherches innovantes sur l’immortalité. Mais les expériences de Victor vont trop loin, et son obsession engendre de terrifiantes conséquences. Seul Igor peut ramener son ami à la raison et le sauver de sa création monstrueuse. Une version enflammée et moderne d’une légende intemporelle.', 2015, '1h 49min', 'https://images.justwatch.com/poster/175955725/s592/docteur-frankenstein');
INSERT INTO `Film` (`id_film`, `titre`, `resume`, `annee_sortie`, `duree`, `image`) VALUES
(281, 'Good Kill', 'Le Commandant Tommy Egan, pilote de chasse reconverti en pilote de drone, combat douze heures par jour les Talibans derrière sa télécommande, depuis sa base, à Las Vegas. De retour chez lui, il passe l’autre moitié de la journée à se quereller avec sa femme, Molly et ses enfants. Tommy remet cependant sa mission en question. Ne serait-il pas en train de générer davantage de terroristes qu’il n’en extermine ? L’histoire d’un soldat, une épopée lourde de conséquences.', 2015, '1h 44min', 'https://images.justwatch.com/poster/9932971/s592/good-kill'),
(282, 'Un Voisin trop parfait', 'Une mère, récemment divorcée, a une aventure avec un jeune homme de son quartier. Quand ce dernier sympathise avec son fils et qu\'elle décide de mettre fin à leur relation, les problèmes commencent...', 2015, '1h 31min', 'https://images.justwatch.com/poster/175430478/s592/un-voisin-trop-parfait'),
(283, 'The Amityville Playhouse', 'Following the tragic death of her parents Fawn Harriman discovers she has inherited a theatre in the town of Amityville. She, along with 3 friends, decides to spend the weekend there looking the place over. Meanwhile one of her High School teachers begins an investigation into the village\'s past and makes a connection with something that goes back beyond recorded history.', 2015, '1h 39min', 'https://images.justwatch.com/backdrop/2505580/s480/the-amityville-playhouse'),
(284, 'Victoria', '5h42. Berlin. Sortie de boîte de nuit, Victoria, espagnole fraîchement débarquée, rencontre Sonne et son groupe de potes. Emportée par la fête et l\'alcool, elle décide de les suivre dans leur virée nocturne. Elle réalise soudain que la soirée est en train de sérieusement déraper…', 2015, '2h 18min', 'https://images.justwatch.com/poster/175709946/s592/victoria'),
(285, 'Un homme idéal', 'Mathieu, 25 ans, aspire depuis toujours à devenir un auteur reconnu. Un rêve qui lui semble inaccessible car malgré tous ses efforts, il n’a jamais réussi à être édité. En attendant, il gagne sa vie en travaillant chez son oncle qui dirige une société de déménagement…  Son destin bascule le jour où il tombe par hasard sur le manuscrit d’un vieil homme solitaire qui vient de décéder. Mathieu hésite avant finalement de s’en emparer, et de signer le texte de son nom...  Devenu le nouvel espoir le plus en vue de la littérature française, et alors que l’attente autour de son second roman devient chaque jour plus pressante, Mathieu va plonger dans une spirale mensongère et criminelle pour préserver à tout prix son secret…', 2015, '1h 37min', 'https://images.justwatch.com/poster/239184613/s592/un-homme-ideal'),
(286, 'À vif !', 'Plus qu’un grand chef, Adam Jones est une rock star de la cuisine, couronnée par deux étoiles au guide Michelin. Grisé par le succès, arrogant et capricieux, l’enfant terrible de la scène gastronomique parisienne sombre dans l’alcool et la drogue. Quelques années plus tard, il a retrouvé la voie de la sobriété. Entouré de jeunes commis et chefs de parties, il relance un restaurant londonien, déterminé à obtenir le graal de la gastronomie : une troisième étoile. Hanté par les fantômes du passé, le chemin de la rédemption s’annonce plus âpre que prévu : il ne lui reste plus qu’une seule chance pour devenir une légende…', 2015, '1h 40min', 'https://images.justwatch.com/poster/105614835/s592/a-vif-2015'),
(287, 'Cinquante nuances de Grey', 'Anastasia Steele accepte de remplacer sa colocataire malade, Katherine, pour interviewer l\'homme d\'affaires et milliardaire Christian Grey. Jeune PDG séduisant et mystérieux, ce dernier l\'intimide. À sa grande surprise, Christian Grey vient la voir au magasin où elle travaille, prétextant des achats. Très attirée par lui, elle se verra rapidement devenir sa soumise. Pour cela un contrat va être rédigé pour permettre de définir les règles de ce jeu dangereux. Cependant, ce contrat devient souvent un sujet tabou et sera changé sans cesse.  À mesure que leur relation progresse, la jeune et innocente Ana est confrontée à un tout nouvel univers aux côtés du riche entrepreneur. Christian a cependant une face sombre : il est adepte du BDSM. La jeune femme doit alors décider si elle est prête ou non à entrer dans cet univers.', 2015, '2h 5min', 'https://images.justwatch.com/poster/243913820/s592/cinquante-nuances-de-grey'),
(288, 'Hacker', 'Hacker suit un détenu en permission et ses associés américains et chinois dans leurs efforts pour traquer et démanteler un puissant réseau de cybercriminalité internationale, les entraînant de Chicago et Los Angeles à Hong Kong et Jakarta.', 2015, '2h 13min', 'https://images.justwatch.com/poster/10583682/s592/hacker'),
(289, 'Mon roi', 'Tony est admise dans un centre de rééducation après une grave chute de ski. Dépendante du personnel médical et des antidouleurs, elle prend le temps de se remémorer l’histoire tumultueuse qu’elle a vécue avec Georgio. Pourquoi se sont-ils aimés ? Qui est réellement l’homme qu’elle a adoré ? Comment a-t-elle pu se soumettre à cette passion étouffante et destructrice ? Pour Tony c’est une difficile reconstruction qui commence désormais, un travail corporel qui lui permettra peut-être de définitivement se libérer…', 2015, '2h 10min', 'https://images.justwatch.com/poster/236908631/s592/mon-roi'),
(290, 'Robert', 'In this chilling story based on real life events a family experience terrifying supernatural occurrences when their son acquires a vintage doll called Robert.', 2015, '1h 30min', 'https://images.justwatch.com/poster/178524623/s592/robert');

-- --------------------------------------------------------

--
-- Structure de la table `Genre`
--

CREATE TABLE `Genre` (
  `id_genre` int(15) NOT NULL,
  `genre` varchar(100) NOT NULL
) ENGINE=InnoDB DEFAULT CHARSET=latin1;

--
-- Déchargement des données de la table `Genre`
--

INSERT INTO `Genre` (`id_genre`, `genre`) VALUES
(1, 'Action & Aventure'),
(2, 'Comédie'),
(3, 'Crime & Thriller'),
(4, 'Drame'),
(5, 'Horreur'),
(6, 'Mystère & Thriller'),
(7, 'Fantastique'),
(8, 'Histoire'),
(9, 'Science-Fiction'),
(10, 'Animation'),
(11, 'Comédie Romantique'),
(12, 'Sport & Fitness'),
(13, 'Film de guerre'),
(14, 'Musique & Comédie Musicale'),
(15, 'Documentaire'),
(16, 'Pour enfants'),
(17, 'Western'),
(18, 'Made in Europe');

-- --------------------------------------------------------

--
-- Structure de la table `genres2films`
--

CREATE TABLE `genres2films` (
  `id_genre` int(15) NOT NULL,
  `id_film` int(15) NOT NULL
) ENGINE=InnoDB DEFAULT CHARSET=latin1;

--
-- Déchargement des données de la table `genres2films`
--

INSERT INTO `genres2films` (`id_genre`, `id_film`) VALUES
(1, 1),
(2, 1),
(3, 1),
(4, 1),
(4, 2),
(5, 2),
(6, 2),
(1, 3),
(4, 3),
(6, 3),
(7, 3),
(8, 3),
(1, 4),
(4, 4),
(6, 4),
(7, 4),
(9, 4),
(10, 4),
(11, 4),
(12, 4),
(1, 5),
(6, 5),
(1, 6),
(6, 6),
(4, 7),
(11, 7),
(1, 8),
(4, 8),
(1, 9),
(2, 9),
(4, 9),
(9, 9),
(4, 10),
(13, 10),
(6, 11),
(2, 12),
(4, 12),
(4, 13),
(5, 13),
(6, 13),
(1, 14),
(3, 14),
(4, 14),
(6, 14),
(2, 16),
(4, 16),
(14, 16),
(15, 17),
(4, 18),
(6, 18),
(2, 19),
(5, 19),
(6, 19),
(2, 20),
(4, 20),
(11, 20),
(2, 21),
(11, 21),
(1, 22),
(7, 22),
(9, 22),
(1, 23),
(2, 23),
(5, 23),
(6, 23),
(9, 23),
(1, 24),
(4, 24),
(9, 24),
(2, 25),
(5, 25),
(1, 26),
(9, 26),
(1, 27),
(4, 27),
(7, 27),
(9, 27),
(1, 28),
(2, 28),
(7, 28),
(9, 28),
(2, 29),
(3, 29),
(4, 29),
(4, 30),
(6, 30),
(4, 31),
(8, 31),
(11, 31),
(1, 32),
(2, 32),
(3, 32),
(6, 32),
(13, 32),
(4, 33),
(2, 34),
(2, 35),
(4, 35),
(5, 35),
(6, 35),
(1, 36),
(2, 36),
(7, 36),
(9, 36),
(15, 36),
(1, 37),
(2, 37),
(3, 37),
(4, 37),
(5, 37),
(7, 37),
(9, 37),
(1, 38),
(3, 38),
(6, 38),
(4, 39),
(4, 40),
(5, 40),
(6, 40),
(9, 40),
(2, 41),
(1, 42),
(5, 42),
(6, 42),
(9, 42),
(1, 43),
(9, 43),
(1, 44),
(2, 44),
(7, 44),
(9, 44),
(1, 45),
(2, 45),
(7, 45),
(16, 45),
(4, 46),
(5, 46),
(6, 46),
(1, 47),
(6, 47),
(3, 48),
(4, 48),
(6, 48),
(4, 49),
(8, 49),
(11, 49),
(1, 50),
(3, 50),
(4, 50),
(6, 50),
(1, 51),
(4, 51),
(6, 51),
(8, 51),
(4, 52),
(5, 52),
(6, 52),
(3, 53),
(4, 53),
(11, 53),
(4, 54),
(12, 54),
(2, 55),
(4, 55),
(11, 55),
(2, 56),
(4, 56),
(11, 56),
(2, 57),
(11, 57),
(4, 58),
(11, 58),
(17, 58),
(4, 59),
(5, 59),
(6, 59),
(9, 59),
(1, 60),
(2, 60),
(3, 60),
(7, 60),
(9, 60),
(10, 60),
(16, 60),
(1, 61),
(6, 61),
(1, 62),
(3, 62),
(6, 62),
(18, 62),
(1, 63),
(5, 63),
(6, 63),
(9, 63),
(1, 64),
(5, 64),
(7, 64),
(10, 64),
(5, 65),
(6, 65),
(2, 66),
(4, 66),
(4, 67),
(1, 68),
(3, 68),
(4, 68),
(6, 68),
(4, 69),
(11, 69),
(18, 69),
(4, 70),
(14, 70),
(2, 71),
(4, 71),
(2, 72),
(4, 72),
(14, 72),
(4, 73),
(3, 74),
(5, 74),
(6, 74),
(18, 74),
(1, 75),
(7, 75),
(2, 76),
(4, 76),
(18, 76),
(2, 77),
(4, 77),
(18, 77),
(1, 78),
(2, 78),
(3, 78),
(4, 79),
(6, 79),
(8, 79),
(13, 79),
(1, 80),
(16, 80),
(18, 80),
(2, 81),
(2, 82),
(4, 82),
(7, 82),
(10, 82),
(16, 82),
(1, 83),
(7, 83),
(16, 83),
(2, 84),
(4, 84),
(6, 84),
(9, 84),
(4, 85),
(2, 86),
(4, 87),
(5, 87),
(6, 87),
(9, 87),
(2, 88),
(7, 88),
(16, 88),
(2, 89),
(4, 89),
(16, 89),
(1, 90),
(2, 90),
(3, 90),
(18, 90),
(4, 91),
(17, 91),
(4, 92),
(5, 92),
(5, 93),
(6, 93),
(4, 94),
(11, 94),
(1, 95),
(5, 95),
(9, 95),
(2, 96),
(7, 96),
(18, 96),
(1, 97),
(4, 97),
(8, 97),
(13, 97),
(4, 98),
(8, 98),
(11, 98),
(18, 98),
(1, 99),
(2, 99),
(9, 99),
(1, 100),
(4, 100),
(7, 100),
(9, 100),
(1, 101),
(2, 101),
(7, 101),
(9, 101),
(10, 101),
(16, 101),
(4, 102),
(5, 102),
(6, 102),
(18, 102),
(2, 103),
(4, 103),
(12, 103),
(18, 103),
(2, 104),
(4, 104),
(10, 104),
(16, 104),
(2, 105),
(4, 105),
(5, 105),
(6, 105),
(4, 106),
(5, 106),
(6, 106),
(7, 106),
(8, 106),
(3, 107),
(4, 107),
(6, 107),
(1, 108),
(2, 108),
(3, 108),
(1, 109),
(4, 109),
(6, 109),
(13, 109),
(2, 110),
(3, 110),
(4, 110),
(6, 110),
(1, 111),
(4, 111),
(12, 111),
(1, 112),
(4, 112),
(7, 112),
(9, 112),
(18, 112),
(5, 113),
(6, 113),
(1, 114),
(4, 114),
(5, 114),
(6, 114),
(9, 114),
(2, 115),
(4, 115),
(6, 115),
(4, 116),
(8, 116),
(5, 117),
(6, 117),
(1, 118),
(4, 118),
(6, 118),
(9, 118),
(13, 118),
(18, 118),
(1, 119),
(3, 119),
(4, 119),
(6, 119),
(2, 120),
(4, 120),
(18, 120),
(2, 121),
(4, 121),
(18, 121),
(2, 122),
(7, 122),
(10, 122),
(16, 122),
(4, 123),
(18, 123),
(1, 124),
(9, 124),
(4, 125),
(11, 125),
(4, 126),
(6, 126),
(8, 126),
(4, 127),
(14, 127),
(2, 128),
(4, 128),
(18, 128),
(4, 129),
(7, 129),
(10, 129),
(11, 129),
(16, 129),
(3, 130),
(4, 130),
(6, 130),
(18, 130),
(5, 131),
(6, 131),
(3, 132),
(5, 132),
(4, 133),
(11, 133),
(13, 133),
(14, 133),
(18, 133),
(3, 134),
(5, 134),
(6, 134),
(1, 135),
(2, 135),
(5, 135),
(6, 135),
(7, 136),
(16, 136),
(1, 137),
(6, 137),
(9, 137),
(1, 138),
(2, 138),
(7, 138),
(9, 138),
(10, 138),
(16, 138),
(4, 139),
(5, 139),
(9, 139),
(1, 140),
(9, 140),
(1, 141),
(7, 141),
(9, 141),
(1, 142),
(9, 142),
(10, 142),
(4, 143),
(5, 143),
(6, 143),
(1, 144),
(3, 144),
(4, 144),
(6, 144),
(4, 145),
(14, 145),
(2, 146),
(18, 146),
(2, 147),
(18, 147),
(4, 148),
(11, 148),
(14, 148),
(2, 149),
(3, 149),
(4, 149),
(6, 149),
(1, 150),
(2, 150),
(9, 150),
(1, 151),
(5, 151),
(9, 151),
(13, 151),
(1, 152),
(6, 152),
(18, 152),
(4, 153),
(8, 153),
(4, 154),
(5, 154),
(6, 154),
(14, 154),
(18, 154),
(1, 155),
(7, 155),
(9, 155),
(1, 156),
(4, 156),
(6, 156),
(9, 156),
(2, 157),
(4, 157),
(14, 157),
(4, 158),
(5, 158),
(6, 158),
(1, 159),
(7, 159),
(9, 159),
(10, 159),
(16, 159),
(3, 160),
(4, 160),
(15, 160),
(4, 161),
(8, 161),
(2, 162),
(4, 162),
(15, 162),
(2, 163),
(3, 163),
(4, 163),
(4, 164),
(14, 164),
(18, 164),
(1, 165),
(7, 165),
(9, 165),
(4, 166),
(1, 167),
(6, 167),
(2, 168),
(4, 168),
(1, 169),
(3, 169),
(4, 169),
(6, 169),
(3, 170),
(4, 170),
(6, 170),
(18, 170),
(2, 171),
(3, 171),
(18, 171),
(1, 172),
(9, 172),
(4, 173),
(5, 173),
(6, 173),
(9, 173),
(1, 174),
(3, 174),
(4, 174),
(6, 174),
(4, 175),
(1, 176),
(9, 176),
(2, 177),
(4, 177),
(5, 177),
(15, 177),
(3, 178),
(4, 178),
(6, 178),
(5, 179),
(6, 179),
(2, 180),
(4, 180),
(11, 180),
(18, 180),
(1, 181),
(7, 181),
(9, 181),
(13, 181),
(1, 182),
(4, 182),
(6, 182),
(9, 182),
(3, 183),
(4, 183),
(12, 183),
(1, 184),
(9, 184),
(2, 185),
(18, 185),
(2, 186),
(4, 186),
(18, 186),
(4, 187),
(2, 188),
(14, 188),
(3, 189),
(4, 189),
(6, 189),
(4, 190),
(11, 190),
(1, 191),
(3, 191),
(6, 191),
(1, 192),
(3, 192),
(4, 192),
(7, 192),
(18, 192),
(2, 193),
(11, 193),
(18, 193),
(2, 194),
(3, 194),
(4, 194),
(5, 195),
(6, 195),
(7, 195),
(1, 196),
(15, 196),
(18, 196),
(5, 197),
(6, 197),
(9, 197),
(4, 198),
(11, 198),
(18, 198),
(1, 199),
(7, 199),
(1, 200),
(2, 200),
(7, 200),
(2, 201),
(2, 202),
(4, 202),
(18, 202),
(1, 203),
(4, 203),
(8, 203),
(18, 203),
(1, 204),
(7, 204),
(9, 204),
(1, 205),
(3, 205),
(4, 205),
(6, 205),
(7, 205),
(9, 205),
(1, 206),
(3, 206),
(6, 206),
(4, 207),
(11, 207),
(4, 208),
(12, 208),
(1, 209),
(3, 209),
(4, 209),
(6, 209),
(18, 209),
(3, 210),
(4, 210),
(6, 211),
(1, 212),
(2, 212),
(3, 212),
(6, 212),
(9, 212),
(4, 213),
(13, 213),
(18, 213),
(1, 214),
(7, 214),
(16, 214),
(1, 215),
(7, 215),
(9, 215),
(4, 216),
(18, 216),
(2, 217),
(4, 217),
(11, 217),
(14, 217),
(5, 218),
(6, 218),
(4, 219),
(8, 219),
(13, 219),
(1, 220),
(2, 220),
(9, 220),
(2, 221),
(4, 221),
(10, 221),
(14, 221),
(16, 221),
(4, 222),
(5, 222),
(6, 222),
(3, 223),
(4, 223),
(6, 223),
(4, 224),
(8, 224),
(4, 225),
(6, 225),
(11, 225),
(1, 226),
(3, 226),
(4, 226),
(6, 226),
(2, 227),
(18, 227),
(1, 228),
(2, 228),
(3, 228),
(4, 228),
(6, 228),
(18, 228),
(4, 229),
(6, 229),
(9, 229),
(1, 231),
(2, 231),
(5, 231),
(7, 231),
(2, 232),
(4, 232),
(7, 232),
(11, 232),
(4, 233),
(5, 233),
(6, 233),
(1, 234),
(5, 234),
(6, 234),
(2, 235),
(4, 235),
(4, 236),
(8, 236),
(4, 237),
(5, 237),
(7, 237),
(18, 237),
(1, 238),
(3, 238),
(4, 238),
(7, 238),
(9, 238),
(3, 239),
(4, 239),
(6, 239),
(1, 240),
(2, 240),
(5, 240),
(6, 240),
(9, 240),
(4, 241),
(1, 242),
(3, 242),
(6, 242),
(1, 243),
(4, 243),
(5, 243),
(6, 243),
(9, 243),
(1, 244),
(4, 244),
(6, 244),
(1, 245),
(7, 245),
(8, 245),
(9, 245),
(4, 246),
(8, 246),
(18, 246),
(1, 247),
(9, 247),
(1, 248),
(3, 248),
(7, 248),
(9, 248),
(4, 249),
(10, 249),
(11, 249),
(16, 249),
(2, 250),
(13, 250),
(18, 250),
(1, 251),
(2, 251),
(3, 251),
(6, 251),
(1, 252),
(2, 252),
(18, 252),
(4, 253),
(5, 253),
(6, 253),
(7, 253),
(8, 253),
(18, 253),
(1, 254),
(6, 254),
(9, 254),
(3, 255),
(4, 255),
(6, 255),
(8, 255),
(18, 255),
(2, 256),
(4, 256),
(11, 256),
(18, 256),
(2, 257),
(4, 257),
(8, 257),
(1, 258),
(2, 258),
(3, 258),
(6, 258),
(4, 259),
(6, 259),
(9, 259),
(18, 259),
(3, 260),
(4, 260),
(6, 260),
(17, 260),
(4, 261),
(6, 261),
(10, 261),
(4, 262),
(7, 262),
(11, 262),
(4, 263),
(6, 263),
(8, 263),
(18, 263),
(4, 264),
(9, 264),
(1, 265),
(6, 265),
(9, 265),
(1, 266),
(6, 266),
(1, 267),
(3, 267),
(4, 267),
(6, 267),
(2, 268),
(4, 269),
(11, 269),
(18, 269),
(5, 270),
(6, 270),
(4, 271),
(6, 271),
(18, 271),
(3, 272),
(4, 272),
(2, 273),
(4, 273),
(18, 273),
(3, 274),
(4, 274),
(6, 274),
(18, 274),
(2, 275),
(4, 275),
(11, 275),
(1, 276),
(4, 276),
(8, 276),
(17, 276),
(1, 277),
(6, 277),
(9, 277),
(18, 277),
(2, 278),
(4, 278),
(14, 278),
(18, 278),
(1, 279),
(7, 279),
(9, 279),
(10, 279),
(4, 280),
(5, 280),
(6, 280),
(9, 280),
(4, 281),
(6, 281),
(13, 281),
(5, 282),
(6, 282),
(5, 283),
(3, 284),
(4, 284),
(6, 284),
(11, 284),
(18, 284),
(4, 285),
(6, 285),
(18, 285),
(2, 286),
(4, 286),
(4, 287),
(6, 287),
(11, 287),
(1, 288),
(3, 288),
(6, 288),
(4, 289),
(11, 289),
(15, 289),
(18, 289),
(5, 290);

-- --------------------------------------------------------

--
-- Structure de la table `joue`
--

CREATE TABLE `joue` (
  `id_personne` int(15) NOT NULL,
  `id_film` int(15) NOT NULL
) ENGINE=InnoDB DEFAULT CHARSET=latin1;

--
-- Déchargement des données de la table `joue`
--

INSERT INTO `joue` (`id_personne`, `id_film`) VALUES
(2, 1),
(3, 1),
(4, 1),
(5, 1),
(6, 1),
(7, 1),
(8, 1),
(9, 1),
(10, 1),
(12, 2),
(13, 2),
(14, 2),
(15, 2),
(16, 2),
(17, 2),
(18, 2),
(19, 2),
(20, 2),
(22, 3),
(23, 3),
(24, 3),
(25, 3),
(26, 3),
(27, 3),
(28, 3),
(29, 3),
(30, 3),
(32, 4),
(33, 4),
(34, 4),
(35, 4),
(36, 4),
(37, 4),
(38, 4),
(39, 4),
(40, 4),
(16, 5),
(42, 5),
(43, 5),
(44, 5),
(45, 5),
(46, 5),
(47, 5),
(48, 5),
(49, 5),
(49, 6),
(51, 6),
(52, 6),
(53, 6),
(54, 6),
(55, 6),
(55, 7),
(57, 7),
(58, 7),
(59, 7),
(60, 7),
(61, 7),
(62, 7),
(63, 7),
(64, 7),
(66, 8),
(67, 8),
(68, 8),
(69, 8),
(70, 8),
(71, 8),
(72, 8),
(73, 8),
(74, 8),
(76, 9),
(77, 9),
(78, 9),
(79, 9),
(80, 9),
(81, 9),
(82, 9),
(83, 9),
(84, 9),
(86, 10),
(87, 10),
(88, 10),
(89, 10),
(90, 10),
(91, 10),
(92, 10),
(93, 10),
(94, 10),
(41, 11),
(96, 11),
(97, 11),
(98, 11),
(99, 11),
(100, 11),
(101, 11),
(102, 11),
(103, 11),
(105, 12),
(106, 12),
(107, 12),
(108, 12),
(109, 12),
(110, 12),
(111, 12),
(112, 12),
(113, 12),
(115, 13),
(116, 13),
(117, 13),
(118, 13),
(119, 13),
(120, 13),
(121, 13),
(122, 13),
(123, 13),
(125, 14),
(126, 14),
(127, 14),
(128, 14),
(129, 14),
(130, 14),
(131, 14),
(132, 14),
(133, 14),
(135, 16),
(136, 16),
(137, 16),
(138, 16),
(139, 16),
(140, 16),
(141, 16),
(142, 16),
(143, 16),
(145, 17),
(146, 17),
(147, 17),
(148, 17),
(149, 17),
(150, 17),
(151, 17),
(152, 17),
(153, 17),
(155, 18),
(156, 18),
(157, 18),
(158, 18),
(159, 18),
(160, 18),
(161, 18),
(162, 18),
(163, 18),
(165, 19),
(166, 19),
(167, 19),
(168, 19),
(169, 19),
(170, 19),
(171, 19),
(172, 19),
(173, 19),
(175, 20),
(176, 20),
(177, 20),
(178, 20),
(179, 20),
(180, 20),
(181, 20),
(182, 20),
(183, 20),
(185, 21),
(186, 21),
(187, 21),
(188, 21),
(189, 21),
(190, 21),
(191, 21),
(192, 21),
(193, 21),
(28, 22),
(195, 22),
(196, 22),
(197, 22),
(198, 22),
(199, 22),
(200, 22),
(201, 22),
(202, 22),
(204, 23),
(205, 23),
(206, 23),
(207, 23),
(208, 23),
(209, 23),
(210, 23),
(211, 23),
(212, 23),
(195, 24),
(214, 24),
(215, 24),
(216, 24),
(217, 24),
(218, 24),
(219, 24),
(220, 24),
(221, 24),
(221, 25),
(223, 25),
(224, 25),
(225, 25),
(226, 25),
(227, 25),
(228, 25),
(229, 25),
(230, 25),
(232, 26),
(233, 26),
(234, 26),
(235, 26),
(236, 26),
(237, 26),
(238, 26),
(239, 26),
(240, 26),
(242, 27),
(243, 27),
(244, 27),
(245, 27),
(246, 27),
(247, 27),
(248, 27),
(249, 27),
(250, 27),
(75, 28),
(157, 28),
(251, 28),
(252, 28),
(253, 28),
(254, 28),
(255, 28),
(256, 28),
(257, 28),
(259, 29),
(260, 29),
(261, 29),
(262, 29),
(263, 29),
(264, 29),
(265, 29),
(266, 29),
(267, 29),
(269, 30),
(270, 30),
(271, 30),
(272, 30),
(273, 30),
(274, 30),
(275, 30),
(276, 30),
(277, 30),
(175, 31),
(279, 31),
(280, 31),
(281, 31),
(282, 31),
(283, 31),
(284, 31),
(285, 31),
(286, 31),
(288, 32),
(289, 32),
(290, 32),
(291, 32),
(292, 32),
(293, 32),
(294, 32),
(295, 32),
(296, 32),
(298, 33),
(299, 33),
(300, 33),
(301, 33),
(302, 33),
(303, 33),
(304, 33),
(305, 33),
(306, 33),
(285, 34),
(308, 34),
(309, 34),
(310, 34),
(311, 34),
(312, 34),
(313, 34),
(314, 34),
(315, 34),
(317, 35),
(318, 35),
(319, 35),
(320, 35),
(321, 35),
(322, 35),
(323, 35),
(324, 35),
(325, 35),
(45, 36),
(327, 36),
(328, 36),
(329, 36),
(330, 36),
(331, 36),
(332, 36),
(333, 36),
(334, 36),
(336, 37),
(337, 37),
(338, 37),
(339, 37),
(340, 37),
(341, 37),
(342, 37),
(343, 37),
(344, 37),
(346, 38),
(347, 38),
(348, 38),
(349, 38),
(350, 38),
(351, 38),
(352, 38),
(353, 38),
(354, 38),
(356, 39),
(357, 39),
(358, 39),
(359, 39),
(360, 39),
(361, 39),
(362, 39),
(363, 39),
(364, 39),
(291, 40),
(364, 40),
(366, 40),
(367, 40),
(368, 40),
(369, 40),
(370, 40),
(371, 40),
(372, 40),
(268, 41),
(374, 41),
(375, 41),
(376, 41),
(377, 41),
(378, 41),
(379, 41),
(380, 41),
(381, 41),
(383, 42),
(384, 42),
(385, 42),
(386, 42),
(387, 42),
(388, 42),
(389, 42),
(390, 42),
(391, 42),
(393, 43),
(394, 43),
(395, 43),
(396, 43),
(397, 43),
(398, 43),
(399, 43),
(400, 43),
(401, 43),
(403, 44),
(404, 44),
(405, 44),
(406, 44),
(407, 44),
(408, 44),
(409, 44),
(410, 44),
(411, 44),
(365, 45),
(413, 45),
(414, 45),
(415, 45),
(416, 45),
(417, 45),
(418, 45),
(419, 45),
(420, 45),
(25, 46),
(320, 46),
(422, 46),
(423, 46),
(424, 46),
(425, 46),
(426, 46),
(427, 46),
(428, 46),
(430, 47),
(431, 47),
(432, 47),
(433, 47),
(434, 47),
(435, 47),
(436, 47),
(437, 47),
(438, 47),
(440, 48),
(441, 48),
(442, 48),
(443, 48),
(444, 48),
(445, 48),
(446, 48),
(447, 48),
(448, 48),
(276, 49),
(450, 49),
(451, 49),
(452, 49),
(453, 49),
(454, 49),
(455, 49),
(456, 49),
(457, 49),
(459, 50),
(460, 50),
(461, 50),
(462, 50),
(463, 50),
(464, 50),
(465, 50),
(466, 50),
(467, 50),
(154, 51),
(250, 51),
(440, 51),
(468, 51),
(469, 51),
(470, 51),
(471, 51),
(472, 51),
(473, 51),
(233, 52),
(475, 52),
(476, 52),
(477, 52),
(478, 52),
(479, 52),
(480, 52),
(481, 52),
(482, 52),
(484, 53),
(485, 53),
(486, 53),
(487, 53),
(488, 53),
(489, 53),
(490, 53),
(491, 53),
(492, 53),
(494, 54),
(495, 54),
(496, 54),
(497, 54),
(498, 54),
(499, 54),
(500, 54),
(501, 54),
(502, 54),
(504, 55),
(505, 55),
(506, 55),
(507, 55),
(508, 55),
(509, 55),
(510, 55),
(511, 55),
(512, 55),
(514, 56),
(515, 56),
(516, 56),
(517, 56),
(518, 56),
(519, 56),
(520, 56),
(521, 56),
(522, 56),
(524, 57),
(525, 57),
(526, 57),
(527, 57),
(528, 57),
(529, 57),
(530, 57),
(196, 58),
(320, 58),
(415, 58),
(532, 58),
(533, 58),
(534, 58),
(535, 58),
(536, 58),
(537, 58),
(539, 59),
(540, 59),
(541, 59),
(542, 59),
(543, 59),
(544, 59),
(545, 59),
(546, 59),
(547, 59),
(549, 60),
(550, 60),
(551, 60),
(552, 60),
(553, 60),
(554, 60),
(555, 60),
(556, 60),
(557, 60),
(206, 61),
(287, 61),
(559, 61),
(560, 61),
(561, 61),
(562, 61),
(563, 61),
(564, 61),
(565, 61),
(567, 62),
(568, 62),
(569, 62),
(570, 62),
(571, 62),
(572, 62),
(573, 62),
(574, 62),
(575, 62),
(430, 63),
(577, 63),
(578, 63),
(579, 63),
(580, 63),
(581, 63),
(582, 63),
(583, 63),
(584, 63),
(586, 64),
(587, 64),
(588, 64),
(589, 64),
(590, 64),
(591, 64),
(592, 64),
(593, 64),
(594, 64),
(596, 65),
(597, 65),
(598, 65),
(599, 65),
(600, 65),
(601, 65),
(602, 65),
(603, 65),
(604, 65),
(606, 66),
(607, 66),
(608, 66),
(609, 66),
(610, 66),
(611, 66),
(612, 66),
(613, 66),
(614, 66),
(91, 67),
(318, 67),
(616, 67),
(617, 67),
(618, 67),
(619, 67),
(620, 67),
(621, 67),
(622, 67),
(55, 69),
(56, 69),
(57, 69),
(58, 69),
(60, 69),
(61, 69),
(62, 69),
(624, 69),
(625, 69),
(246, 70),
(627, 70),
(628, 70),
(629, 70),
(630, 70),
(631, 70),
(632, 70),
(633, 70),
(634, 70),
(2, 71),
(635, 71),
(636, 71),
(637, 71),
(638, 71),
(639, 71),
(640, 71),
(641, 71),
(642, 71),
(642, 72),
(644, 72),
(645, 72),
(646, 72),
(647, 72),
(648, 72),
(649, 72),
(650, 72),
(651, 72),
(652, 73),
(653, 73),
(654, 73),
(655, 73),
(656, 73),
(657, 73),
(658, 73),
(659, 73),
(660, 73),
(576, 74),
(662, 74),
(663, 74),
(664, 74),
(665, 74),
(666, 74),
(667, 74),
(668, 74),
(669, 74),
(41, 75),
(459, 75),
(671, 75),
(672, 75),
(673, 75),
(674, 75),
(675, 75),
(676, 75),
(677, 75),
(312, 76),
(679, 76),
(680, 76),
(681, 76),
(682, 76),
(683, 76),
(684, 76),
(685, 76),
(686, 76),
(174, 77),
(680, 77),
(686, 77),
(688, 77),
(689, 77),
(690, 77),
(691, 77),
(692, 77),
(693, 77),
(402, 78),
(695, 78),
(696, 78),
(697, 78),
(698, 78),
(699, 78),
(700, 78),
(701, 78),
(702, 78),
(196, 79),
(704, 79),
(705, 79),
(706, 79),
(707, 79),
(708, 79),
(709, 79),
(710, 79),
(711, 79),
(713, 80),
(714, 80),
(715, 80),
(716, 80),
(718, 81),
(719, 81),
(720, 81),
(721, 81),
(722, 81),
(723, 81),
(724, 81),
(725, 81),
(726, 81),
(194, 82),
(700, 82),
(728, 82),
(729, 82),
(730, 82),
(731, 82),
(732, 82),
(733, 82),
(734, 82),
(736, 83),
(737, 83),
(738, 83),
(739, 83),
(740, 83),
(741, 83),
(742, 83),
(743, 83),
(744, 83),
(746, 84),
(747, 84),
(748, 84),
(749, 84),
(750, 84),
(751, 84),
(752, 84),
(753, 84),
(754, 84),
(756, 85),
(757, 85),
(758, 85),
(759, 85),
(760, 85),
(761, 85),
(762, 85),
(763, 85),
(764, 85),
(271, 86),
(766, 86),
(767, 86),
(768, 86),
(769, 86),
(770, 86),
(771, 86),
(772, 86),
(773, 86),
(775, 87),
(776, 87),
(777, 87),
(778, 87),
(779, 87),
(780, 87),
(781, 87),
(782, 87),
(783, 87),
(259, 88),
(404, 88),
(560, 88),
(705, 88),
(785, 88),
(786, 88),
(787, 88),
(788, 88),
(789, 88),
(791, 89),
(792, 89),
(793, 89),
(794, 89),
(795, 89),
(796, 89),
(797, 89),
(798, 89),
(799, 89),
(687, 90),
(799, 90),
(801, 90),
(802, 90),
(803, 90),
(804, 90),
(805, 90),
(806, 90),
(807, 90),
(809, 91),
(810, 91),
(811, 91),
(812, 91),
(813, 91),
(814, 91),
(815, 91),
(816, 91),
(817, 91),
(819, 92),
(820, 92),
(821, 92),
(823, 93),
(824, 93),
(825, 93),
(826, 93),
(827, 93),
(828, 93),
(829, 93),
(830, 93),
(831, 93),
(833, 94),
(834, 94),
(835, 94),
(836, 94),
(837, 94),
(838, 94),
(839, 94),
(840, 94),
(841, 94),
(25, 95),
(536, 95),
(843, 95),
(844, 95),
(845, 95),
(846, 95),
(847, 95),
(848, 95),
(849, 95),
(569, 96),
(851, 96),
(852, 96),
(853, 96),
(854, 96),
(855, 96),
(856, 96),
(857, 96),
(858, 96),
(208, 97),
(860, 97),
(861, 97),
(862, 97),
(863, 97),
(864, 97),
(865, 97),
(866, 97),
(867, 97),
(869, 98),
(870, 98),
(871, 98),
(872, 98),
(873, 98),
(874, 98),
(875, 98),
(876, 98),
(877, 98),
(106, 99),
(194, 99),
(195, 99),
(197, 99),
(198, 99),
(878, 99),
(879, 99),
(880, 99),
(881, 99),
(77, 100),
(392, 100),
(784, 100),
(881, 100),
(883, 100),
(884, 100),
(885, 100),
(886, 100),
(887, 100),
(75, 101),
(889, 101),
(890, 101),
(891, 101),
(892, 101),
(893, 101),
(894, 101),
(895, 101),
(896, 101),
(393, 102),
(898, 102),
(899, 102),
(900, 102),
(901, 102),
(902, 102),
(903, 102),
(904, 102),
(905, 102),
(905, 103),
(907, 103),
(908, 103),
(909, 103),
(910, 103),
(911, 103),
(912, 103),
(913, 103),
(914, 103),
(915, 104),
(916, 104),
(917, 104),
(918, 104),
(919, 104),
(920, 104),
(921, 104),
(922, 104),
(923, 104),
(925, 105),
(926, 105),
(927, 105),
(928, 105),
(929, 105),
(930, 105),
(931, 105),
(932, 105),
(933, 105),
(28, 106),
(934, 106),
(935, 106),
(936, 106),
(937, 106),
(938, 106),
(939, 106),
(940, 106),
(941, 106),
(533, 107),
(943, 107),
(944, 107),
(945, 107),
(946, 107),
(947, 107),
(948, 107),
(949, 107),
(950, 107),
(16, 108),
(345, 108),
(873, 108),
(952, 108),
(953, 108),
(954, 108),
(955, 108),
(956, 108),
(957, 108),
(85, 109),
(196, 109),
(242, 109),
(262, 109),
(959, 109),
(960, 109),
(961, 109),
(962, 109),
(963, 109),
(155, 110),
(558, 110),
(883, 110),
(965, 110),
(966, 110),
(967, 110),
(968, 110),
(969, 110),
(970, 110),
(156, 111),
(368, 111),
(467, 111),
(498, 111),
(972, 111),
(973, 111),
(974, 111),
(975, 111),
(976, 111),
(215, 112),
(440, 112),
(978, 112),
(979, 112),
(980, 112),
(981, 112),
(982, 112),
(983, 112),
(984, 112),
(984, 113),
(986, 113),
(987, 113),
(988, 113),
(989, 113),
(990, 113),
(991, 113),
(992, 113),
(993, 113),
(382, 114),
(383, 114),
(390, 114),
(994, 114),
(995, 114),
(996, 114),
(997, 114),
(998, 114),
(999, 114),
(402, 115),
(1001, 115),
(1002, 115),
(1003, 115),
(1004, 115),
(1005, 115),
(1006, 115),
(1007, 115),
(1008, 115),
(1010, 116),
(1011, 116),
(1012, 116),
(1013, 116),
(1014, 116),
(1015, 116),
(1016, 116),
(1017, 116),
(1018, 116),
(233, 117),
(774, 117),
(920, 117),
(1020, 117),
(1021, 117),
(1022, 117),
(1023, 117),
(1024, 117),
(1025, 117),
(1, 118),
(567, 118),
(1027, 118),
(1028, 118),
(1029, 118),
(1030, 118),
(1031, 118),
(1032, 118),
(1033, 118),
(1035, 119),
(1036, 119),
(1037, 119),
(1038, 119),
(1039, 119),
(1040, 119),
(1041, 119),
(1042, 119),
(1043, 119),
(768, 120),
(1045, 120),
(1046, 120),
(1047, 120),
(1048, 120),
(1049, 120),
(1050, 120),
(1051, 120),
(1052, 120),
(1052, 121),
(1054, 121),
(1055, 121),
(1056, 121),
(1057, 121),
(1058, 121),
(1059, 121),
(1060, 121),
(1061, 121),
(200, 122),
(235, 122),
(1061, 122),
(1063, 122),
(1064, 122),
(1065, 122),
(1066, 122),
(1067, 122),
(1068, 122),
(1070, 123),
(1071, 123),
(1072, 123),
(1073, 123),
(1074, 123),
(1075, 123),
(1076, 123),
(1077, 123),
(1078, 123),
(291, 124),
(877, 124),
(1078, 124),
(1080, 124),
(1081, 124),
(1082, 124),
(1083, 124),
(1084, 124),
(1085, 124),
(156, 125),
(213, 125),
(324, 125),
(393, 125),
(458, 125),
(1087, 125),
(1088, 125),
(1089, 125),
(1090, 125),
(77, 126),
(898, 126),
(947, 126),
(1092, 126),
(1093, 126),
(1094, 126),
(1095, 126),
(1096, 126),
(1097, 126),
(208, 127),
(242, 127),
(1099, 127),
(1100, 127),
(1101, 127),
(1102, 127),
(1103, 127),
(1104, 127),
(1105, 127),
(282, 128),
(1059, 128),
(1107, 128),
(1108, 128),
(1109, 128),
(1110, 128),
(1111, 128),
(1112, 128),
(1113, 128),
(35, 129),
(1115, 129),
(1116, 129),
(1117, 129),
(1118, 129),
(1119, 129),
(1120, 129),
(1121, 129),
(1122, 129),
(453, 130),
(1031, 130),
(1124, 130),
(1125, 130),
(1126, 130),
(1127, 130),
(1128, 130),
(1129, 130),
(1130, 130),
(1132, 131),
(1133, 131),
(1134, 131),
(1136, 132),
(1137, 132),
(1138, 132),
(1139, 132),
(1140, 132),
(1141, 132),
(1142, 132),
(21, 133),
(986, 133),
(1144, 133),
(1145, 133),
(1146, 133),
(1147, 133),
(1148, 133),
(1149, 133),
(1150, 133),
(1136, 134),
(1151, 134),
(1152, 134),
(1153, 134),
(1154, 134),
(1155, 134),
(1156, 134),
(1157, 134),
(1158, 134),
(1158, 135),
(1160, 135),
(1161, 135),
(1162, 135),
(1163, 135),
(1164, 135),
(1165, 135),
(1166, 135),
(1167, 135),
(1082, 136),
(1169, 136),
(1170, 136),
(1171, 136),
(1172, 136),
(1173, 136),
(1174, 136),
(1175, 136),
(1176, 136),
(203, 137),
(204, 137),
(205, 137),
(207, 137),
(209, 137),
(626, 137),
(761, 137),
(1178, 137),
(1179, 137),
(248, 138),
(1179, 138),
(1180, 138),
(1181, 138),
(1182, 138),
(1183, 138),
(1184, 138),
(1185, 138),
(1186, 138),
(364, 139),
(365, 139),
(367, 139),
(368, 139),
(1187, 139),
(1188, 139),
(1189, 139),
(727, 140),
(810, 140),
(888, 140),
(1100, 140),
(1191, 140),
(1192, 140),
(1193, 140),
(1194, 140),
(1195, 140),
(77, 141),
(194, 141),
(196, 141),
(392, 141),
(784, 141),
(881, 141),
(882, 141),
(883, 141),
(884, 141),
(627, 142),
(732, 142),
(1081, 142),
(1196, 142),
(1197, 142),
(1198, 142),
(1199, 142),
(1200, 142),
(1201, 142),
(319, 143),
(896, 143),
(967, 143),
(1202, 143),
(1203, 143),
(1204, 143),
(1205, 143),
(1206, 143),
(1207, 143),
(1136, 144),
(1141, 144),
(1150, 144),
(1208, 144),
(1209, 144),
(1210, 144),
(293, 145),
(560, 145),
(1212, 145),
(1213, 145),
(1214, 145),
(1215, 145),
(1216, 145),
(1217, 145),
(1218, 145),
(678, 146),
(912, 146),
(1218, 146),
(1220, 146),
(1221, 146),
(1222, 146),
(1223, 146),
(1224, 146),
(1225, 146),
(307, 147),
(308, 147),
(310, 147),
(311, 147),
(312, 147),
(313, 147),
(1226, 147),
(1227, 147),
(1228, 147),
(439, 148),
(517, 148),
(1229, 148),
(1230, 148),
(1231, 148),
(1232, 148),
(1233, 148),
(1234, 148),
(1235, 148),
(1237, 149),
(1238, 149),
(1239, 149),
(1240, 149),
(1241, 149),
(1242, 149),
(1243, 149),
(1244, 149),
(1245, 149),
(75, 150),
(216, 150),
(347, 150),
(895, 150),
(944, 150),
(1196, 150),
(1247, 150),
(1248, 150),
(1249, 150),
(808, 151),
(1251, 151),
(1252, 151),
(1253, 151),
(1254, 151),
(1255, 151),
(1256, 151),
(1257, 151),
(1258, 151),
(214, 152),
(1197, 152),
(1260, 152),
(1261, 152),
(1262, 152),
(1263, 152),
(1264, 152),
(1265, 152),
(1266, 152),
(488, 153),
(986, 153),
(1268, 153),
(1269, 153),
(1270, 153),
(1271, 153),
(1272, 153),
(1273, 153),
(1274, 153),
(1276, 154),
(1277, 154),
(1278, 154),
(1279, 154),
(1280, 154),
(1281, 154),
(1282, 154),
(1283, 154),
(1284, 154),
(980, 155),
(1286, 155),
(1287, 155),
(1288, 155),
(1289, 155),
(1290, 155),
(1291, 155),
(1292, 155),
(1293, 155),
(1162, 156),
(1295, 156),
(1296, 156),
(1297, 156),
(1298, 156),
(1299, 156),
(1300, 156),
(1301, 156),
(1302, 156),
(1185, 157),
(1304, 157),
(1305, 157),
(1306, 157),
(1307, 157),
(1308, 157),
(1309, 157),
(1310, 157),
(1311, 157),
(1313, 158),
(1314, 158),
(1316, 159),
(1317, 159),
(1318, 159),
(1319, 159),
(1320, 159),
(1321, 159),
(1322, 159),
(1323, 159),
(1324, 159),
(1326, 160),
(1327, 160),
(1328, 160),
(1329, 160),
(1330, 160),
(1331, 160),
(1332, 160),
(1333, 160),
(1334, 160),
(1334, 161),
(1336, 161),
(1337, 161),
(1338, 161),
(1339, 161),
(1340, 161),
(1341, 161),
(1342, 161),
(1343, 161),
(16, 162),
(200, 162),
(946, 162),
(971, 162),
(1010, 162),
(1345, 162),
(1346, 162),
(1347, 162),
(1348, 162),
(261, 163),
(440, 163),
(1238, 163),
(1350, 163),
(1351, 163),
(1352, 163),
(1353, 163),
(1354, 163),
(1355, 163),
(28, 164),
(826, 164),
(1082, 164),
(1271, 164),
(1357, 164),
(1358, 164),
(1359, 164),
(1360, 164),
(1361, 164),
(22, 165),
(28, 165),
(233, 165),
(1363, 165),
(1364, 165),
(1365, 165),
(1366, 165),
(1367, 165),
(1368, 165),
(213, 166),
(1345, 166),
(1370, 166),
(1371, 166),
(1372, 166),
(1373, 166),
(1374, 166),
(1375, 166),
(1376, 166),
(412, 167),
(1378, 167),
(1379, 167),
(1380, 167),
(1381, 167),
(1382, 167),
(1383, 167),
(1384, 167),
(1385, 167),
(119, 168),
(1016, 168),
(1358, 168),
(1387, 168),
(1388, 168),
(1389, 168),
(1390, 168),
(1391, 168),
(1392, 168),
(1394, 169),
(1395, 169),
(1396, 169),
(1397, 169),
(1398, 169),
(1399, 169),
(1400, 169),
(1401, 169),
(1402, 169),
(1404, 170),
(1405, 170),
(1406, 170),
(1407, 170),
(1408, 170),
(1409, 170),
(1410, 170),
(1411, 170),
(1412, 170),
(568, 171),
(1414, 171),
(1415, 171),
(1416, 171),
(1417, 171),
(1418, 171),
(1419, 171),
(1420, 171),
(1421, 171),
(404, 172),
(1184, 172),
(1423, 172),
(1424, 172),
(1425, 172),
(1426, 172),
(1427, 172),
(1428, 172),
(1429, 172),
(157, 173),
(293, 173),
(595, 173),
(1431, 173),
(1432, 173),
(1433, 173),
(1434, 173),
(1435, 173),
(1436, 173),
(1438, 174),
(1439, 174),
(1440, 174),
(1441, 174),
(1442, 174),
(1443, 174),
(1444, 174),
(1445, 174),
(1446, 174),
(337, 175),
(729, 175),
(883, 175),
(1177, 175),
(1448, 175),
(1449, 175),
(1450, 175),
(1451, 175),
(1452, 175),
(194, 176),
(195, 176),
(197, 176),
(198, 176),
(784, 176),
(879, 176),
(1453, 176),
(1454, 176),
(1455, 176),
(1457, 177),
(1458, 177),
(1459, 177),
(1460, 177),
(1461, 177),
(1462, 177),
(1463, 177),
(1464, 177),
(1465, 177),
(942, 178),
(1467, 178),
(1468, 178),
(1469, 178),
(1470, 178),
(1471, 178),
(1472, 178),
(1473, 178),
(1474, 178),
(80, 179),
(968, 179),
(1475, 179),
(1476, 179),
(1477, 179),
(1478, 179),
(1479, 179),
(1480, 179),
(1481, 179),
(307, 180),
(566, 180),
(636, 180),
(1058, 180),
(1481, 180),
(1483, 180),
(1484, 180),
(1485, 180),
(1486, 180),
(41, 181),
(459, 181),
(670, 181),
(673, 181),
(811, 181),
(1487, 181),
(1488, 181),
(1489, 181),
(1490, 181),
(155, 182),
(441, 182),
(673, 182),
(1267, 182),
(1491, 182),
(1492, 182),
(1493, 182),
(1494, 182),
(1495, 182),
(403, 183),
(489, 183),
(947, 183),
(953, 183),
(1497, 183),
(1498, 183),
(1499, 183),
(1500, 183),
(1501, 183),
(615, 184),
(1503, 184),
(1504, 184),
(1505, 184),
(1506, 184),
(1507, 184),
(1508, 184),
(1509, 184),
(1510, 184),
(1510, 185),
(1512, 185),
(1513, 185),
(1514, 185),
(1515, 185),
(1516, 185),
(1517, 185),
(1518, 185),
(1519, 185),
(1521, 186),
(1522, 186),
(1523, 186),
(1524, 186),
(1525, 186),
(1526, 186),
(1527, 186),
(1528, 186),
(1529, 186),
(50, 187),
(195, 187),
(205, 187),
(214, 187),
(233, 187),
(1531, 187),
(1532, 187),
(1533, 187),
(1534, 187),
(104, 188),
(116, 188),
(1184, 188),
(1536, 188),
(1537, 188),
(1538, 188),
(1539, 188),
(1540, 188),
(1541, 188),
(28, 189),
(1065, 189),
(1172, 189),
(1334, 189),
(1335, 189),
(1542, 189),
(1543, 189),
(1544, 189),
(1545, 189),
(894, 190),
(1547, 190),
(1548, 190),
(1549, 190),
(1550, 190),
(1551, 190),
(1552, 190),
(1553, 190),
(1554, 190),
(97, 191),
(231, 191),
(1539, 191),
(1556, 191),
(1557, 191),
(1558, 191),
(1559, 191),
(1560, 191),
(1561, 191),
(1563, 192),
(1564, 192),
(1565, 192),
(1566, 192),
(1567, 192),
(1568, 192),
(1569, 192),
(1570, 192),
(1571, 192),
(229, 193),
(1573, 193),
(1574, 193),
(1575, 193),
(1576, 193),
(1577, 193),
(1578, 193),
(1579, 193),
(1580, 193),
(204, 194),
(651, 194),
(1010, 194),
(1160, 194),
(1477, 194),
(1582, 194),
(1583, 194),
(1584, 194),
(1585, 194),
(134, 195),
(336, 195),
(1587, 195),
(1588, 195),
(1589, 195),
(1590, 195),
(1591, 195),
(1592, 195),
(1593, 195),
(1593, 196),
(1595, 196),
(987, 197),
(1169, 197),
(1239, 197),
(1596, 197),
(1597, 197),
(1598, 197),
(1599, 197),
(1600, 197),
(1601, 197),
(213, 198),
(1603, 198),
(1604, 198),
(1605, 198),
(1606, 198),
(1607, 198),
(1608, 198),
(1609, 198),
(1610, 198),
(1172, 199),
(1610, 199),
(1612, 199),
(1613, 199),
(1614, 199),
(1615, 199),
(1616, 199),
(1617, 199),
(1618, 199),
(412, 200),
(433, 200),
(1620, 200),
(1621, 200),
(1622, 200),
(1623, 200),
(1624, 200),
(1625, 200),
(1626, 200),
(736, 201),
(1627, 201),
(1628, 201),
(1629, 201),
(1630, 201),
(1631, 201),
(1632, 201),
(1633, 201),
(1634, 201),
(567, 202),
(1069, 202),
(1074, 202),
(1636, 202),
(1637, 202),
(1638, 202),
(1639, 202),
(1640, 202),
(1641, 202),
(194, 203),
(345, 203),
(933, 203),
(1558, 203),
(1643, 203),
(1644, 203),
(1645, 203),
(1646, 203),
(1647, 203),
(1367, 204),
(1536, 204),
(1649, 204),
(1650, 204),
(1651, 204),
(1652, 204),
(1653, 204),
(1654, 204),
(1655, 204),
(28, 205),
(1657, 205),
(1658, 205),
(1659, 205),
(1660, 205),
(1661, 205),
(1662, 205),
(1663, 205),
(1664, 205),
(412, 206),
(1666, 206),
(1667, 206),
(1668, 206),
(1669, 206),
(1670, 206),
(1671, 206),
(1672, 206),
(1673, 206),
(317, 207),
(746, 207),
(1674, 207),
(1675, 207),
(1676, 207),
(1677, 207),
(1678, 207),
(1679, 207),
(1680, 207),
(1682, 208),
(1683, 208),
(1684, 208),
(1685, 208),
(1686, 208),
(1687, 208),
(1688, 208),
(1689, 208),
(1690, 208),
(1692, 209),
(1693, 209),
(1694, 209),
(1695, 209),
(1696, 209),
(1697, 209),
(1698, 209),
(1699, 209),
(1700, 209),
(87, 210),
(694, 210),
(811, 210),
(1702, 210),
(1703, 210),
(1704, 210),
(1705, 210),
(1706, 210),
(1707, 210),
(1709, 211),
(1710, 211),
(1711, 211),
(1712, 211),
(1713, 211),
(1714, 211),
(1715, 211),
(1716, 211),
(1717, 211),
(85, 212),
(262, 212),
(672, 212),
(1098, 212),
(1718, 212),
(1719, 212),
(1720, 212),
(1721, 212),
(1722, 212),
(272, 213),
(1724, 213),
(1725, 213),
(1726, 213),
(1727, 213),
(1728, 213),
(1729, 213),
(1730, 213),
(1731, 213),
(954, 214),
(1168, 214),
(1169, 214),
(1170, 214),
(1171, 214),
(1172, 214),
(1174, 214),
(1732, 214),
(1733, 214),
(196, 215),
(201, 215),
(605, 215),
(914, 215),
(1603, 215),
(1735, 215),
(1736, 215),
(1737, 215),
(1738, 215),
(22, 216),
(1740, 216),
(1741, 216),
(1742, 216),
(1743, 216),
(1744, 216),
(1745, 216),
(1746, 216),
(1747, 216),
(258, 217),
(1267, 217),
(1748, 217),
(1749, 217),
(1750, 217),
(1751, 217),
(1752, 217),
(1753, 217),
(1754, 217),
(25, 218),
(1755, 218),
(1756, 218),
(1757, 218),
(1758, 218),
(1759, 218),
(1760, 218),
(1761, 218),
(1762, 218),
(1236, 219),
(1763, 219),
(1764, 219),
(1765, 219),
(1766, 219),
(1767, 219),
(1768, 219),
(1769, 219),
(1770, 219),
(75, 220),
(347, 220),
(895, 220),
(1196, 220),
(1247, 220),
(1248, 220),
(1772, 220),
(1773, 220),
(1774, 220),
(392, 221),
(951, 221),
(1098, 221),
(1774, 221),
(1776, 221),
(1777, 221),
(1778, 221),
(1779, 221),
(1780, 221),
(1782, 222),
(1783, 222),
(1784, 222),
(1785, 222),
(1786, 222),
(1787, 222),
(1788, 222),
(1789, 222),
(1790, 222),
(968, 223),
(1004, 223),
(1285, 223),
(1792, 223),
(1793, 223),
(1794, 223),
(1795, 223),
(1796, 223),
(1797, 223),
(531, 224),
(729, 224),
(1009, 224),
(1185, 224),
(1497, 224),
(1799, 224),
(1800, 224),
(1801, 224),
(1802, 224),
(1804, 225),
(1805, 225),
(1806, 225),
(1807, 225),
(1808, 225),
(1809, 225),
(1810, 225),
(1811, 225),
(1812, 225),
(1812, 226),
(1814, 226),
(1815, 226),
(1816, 226),
(1817, 226),
(1818, 226),
(1819, 226),
(1820, 226),
(1821, 226),
(307, 227),
(308, 227),
(310, 227),
(311, 227),
(312, 227),
(313, 227),
(1822, 227),
(1823, 227),
(1824, 227),
(268, 228),
(567, 228),
(853, 228),
(1824, 228),
(1826, 228),
(1827, 228),
(1828, 228),
(1829, 228),
(1830, 228),
(885, 229),
(1162, 229),
(1295, 229),
(1344, 229),
(1603, 229),
(1831, 229),
(1832, 229),
(1833, 229),
(1834, 229),
(1836, 231),
(1837, 231),
(1838, 231),
(1839, 231),
(1840, 231),
(1841, 231),
(1842, 231),
(1843, 231),
(1844, 231),
(695, 232),
(1844, 232),
(1846, 232),
(1847, 232),
(1848, 232),
(1849, 232),
(1850, 232),
(1851, 232),
(1852, 232),
(1364, 233),
(1853, 233),
(1854, 233),
(1855, 233),
(1856, 233),
(1857, 233),
(1858, 233),
(1859, 233),
(1860, 233),
(249, 234),
(927, 234),
(1862, 234),
(1863, 234),
(1864, 234),
(1865, 234),
(1866, 234),
(1867, 234),
(1868, 234),
(958, 235),
(1303, 235),
(1592, 235),
(1870, 235),
(1871, 235),
(1872, 235),
(1873, 235),
(1874, 235),
(1875, 235),
(1088, 236),
(1304, 236),
(1364, 236),
(1452, 236),
(1877, 236),
(1878, 236),
(1879, 236),
(1880, 236),
(1881, 236),
(540, 237),
(1882, 237),
(1883, 237),
(1884, 237),
(1885, 237),
(1886, 237),
(1887, 237),
(1888, 237),
(1889, 237),
(97, 238),
(154, 238),
(442, 238),
(670, 238),
(1260, 238),
(1344, 238),
(1891, 238),
(1892, 238),
(1893, 238),
(413, 239),
(951, 239),
(1100, 239),
(1894, 239),
(1895, 239),
(1896, 239),
(1897, 239),
(1898, 239),
(1899, 239),
(1901, 240),
(1902, 240),
(1903, 240),
(1904, 240),
(1905, 240),
(1906, 240),
(1907, 240),
(1908, 240),
(1909, 240),
(559, 241),
(1414, 241),
(1723, 241),
(1910, 241),
(1911, 241),
(1912, 241),
(1913, 241),
(1914, 241),
(1915, 241),
(218, 242),
(430, 242),
(1917, 242),
(1918, 242),
(1919, 242),
(1920, 242),
(1921, 242),
(1922, 242),
(1923, 242),
(517, 243),
(695, 243),
(1016, 243),
(1925, 243),
(1926, 243),
(1927, 243),
(1928, 243),
(1929, 243),
(1930, 243),
(1805, 244),
(1807, 244),
(1932, 244),
(1933, 244),
(1934, 244),
(1935, 244),
(1936, 244),
(1937, 244),
(1938, 244),
(442, 245),
(1595, 245),
(1910, 245),
(1940, 245),
(1941, 245),
(1942, 245),
(1943, 245),
(1944, 245),
(1945, 245),
(268, 246),
(785, 246),
(1617, 246),
(1947, 246),
(1948, 246),
(1949, 246),
(1950, 246),
(1951, 246),
(1093, 247),
(1193, 247),
(1953, 247),
(1954, 247),
(1955, 247),
(1956, 247),
(1957, 247),
(1958, 247),
(1959, 247),
(402, 248),
(405, 248),
(407, 248),
(441, 248),
(493, 248),
(1961, 248),
(1962, 248),
(1963, 248),
(1964, 248),
(592, 249),
(1327, 249),
(1966, 249),
(1967, 249),
(1968, 249),
(1969, 249),
(1970, 249),
(1971, 249),
(1972, 249),
(687, 250),
(850, 250),
(851, 250),
(1227, 250),
(1974, 250),
(1975, 250),
(1976, 250),
(1977, 250),
(1978, 250),
(77, 251),
(204, 251),
(1815, 251),
(1847, 251),
(1890, 251),
(1980, 251),
(1981, 251),
(1982, 251),
(1983, 251),
(270, 252),
(803, 252),
(1985, 252),
(1986, 252),
(1987, 252),
(1988, 252),
(1989, 252),
(1990, 252),
(1991, 252),
(25, 253),
(1992, 253),
(1993, 253),
(1994, 253),
(1995, 253),
(1996, 253),
(1997, 253),
(1998, 253),
(1999, 253),
(1, 254),
(727, 254),
(1100, 254),
(1183, 254),
(1192, 254),
(2001, 254),
(2002, 254),
(2003, 254),
(2004, 254),
(47, 255),
(203, 255),
(405, 255),
(986, 255),
(1414, 255),
(1656, 255),
(2006, 255),
(2007, 255),
(2008, 255),
(1414, 256),
(2010, 256),
(2011, 256),
(2012, 256),
(2013, 256),
(2014, 256),
(2015, 256),
(2016, 256),
(2017, 256),
(808, 257),
(953, 257),
(971, 257),
(1001, 257),
(1190, 257),
(1267, 257),
(1345, 257),
(1793, 257),
(2018, 257),
(85, 258),
(262, 258),
(877, 258),
(978, 258),
(1098, 258),
(1275, 258),
(1981, 258),
(2019, 258),
(2020, 258),
(98, 259),
(215, 259),
(983, 259),
(2022, 259),
(2023, 259),
(2024, 259),
(2025, 259),
(2026, 259),
(2027, 259),
(877, 260),
(1598, 260),
(1671, 260),
(2028, 260),
(2029, 260),
(2030, 260),
(2031, 260),
(2032, 260),
(2033, 260),
(155, 261),
(231, 261),
(2035, 261),
(2036, 261),
(2037, 261),
(2038, 261),
(2039, 261),
(2040, 261),
(2041, 261),
(1490, 262),
(2043, 262),
(2044, 262),
(2045, 262),
(2046, 262),
(2047, 262),
(2048, 262),
(2049, 262),
(2050, 262),
(524, 263),
(859, 263),
(1198, 263),
(1370, 263),
(2051, 263),
(2052, 263),
(2053, 263),
(2054, 263),
(2055, 263),
(165, 264),
(467, 264),
(671, 264),
(1454, 264),
(1496, 264),
(1708, 264),
(2056, 264),
(2057, 264),
(2058, 264),
(203, 265),
(1174, 265),
(1237, 265),
(1670, 265),
(2060, 265),
(2061, 265),
(2062, 265),
(2063, 265),
(2064, 265),
(206, 266),
(218, 266),
(287, 266),
(558, 266),
(559, 266),
(562, 266),
(960, 266),
(2065, 266),
(2066, 266),
(216, 267),
(365, 267),
(498, 267),
(1094, 267),
(1474, 267),
(2067, 267),
(2068, 267),
(2069, 267),
(2070, 267),
(1065, 268),
(1620, 268),
(2072, 268),
(2073, 268),
(2074, 268),
(2075, 268),
(2076, 268),
(2077, 268),
(2078, 268),
(866, 269),
(1274, 269),
(2079, 269),
(2080, 269),
(2081, 269),
(2082, 269),
(2083, 269),
(2084, 269),
(2085, 269),
(1954, 270),
(2086, 270),
(2087, 270),
(2088, 270),
(2089, 270),
(2090, 270),
(2091, 270),
(2092, 270),
(2093, 270),
(1080, 271),
(2095, 271),
(2096, 271),
(2097, 271),
(2098, 271),
(2099, 271),
(2100, 271),
(2101, 271),
(2102, 271),
(77, 272),
(489, 272),
(1452, 272),
(1504, 272),
(1596, 272),
(1734, 272),
(2104, 272),
(2105, 272),
(2106, 272),
(767, 273),
(1521, 273),
(2106, 273),
(2108, 273),
(2109, 273),
(2110, 273),
(2111, 273),
(2112, 273),
(2113, 273),
(203, 274),
(1098, 274),
(1486, 274),
(2115, 274),
(2116, 274),
(2117, 274),
(2118, 274),
(2119, 274),
(2120, 274),
(244, 275),
(1480, 275),
(2122, 275),
(2123, 275),
(2124, 275),
(2125, 275),
(2126, 275),
(2127, 275),
(2128, 275),
(203, 276),
(899, 276),
(983, 276),
(1000, 276),
(1298, 276),
(1388, 276),
(2130, 276),
(2131, 276),
(2132, 276),
(204, 277),
(564, 277),
(1504, 277),
(1536, 277),
(1717, 277),
(1952, 277),
(2134, 277),
(2135, 277),
(2136, 277),
(2136, 278),
(2138, 278),
(2139, 278),
(2140, 278),
(2141, 278),
(2142, 278),
(2143, 278),
(2144, 278),
(2145, 278),
(2147, 279),
(2148, 279),
(2149, 279),
(295, 280),
(960, 280),
(962, 280),
(1175, 280),
(1754, 280),
(1847, 280),
(2151, 280),
(2152, 280),
(2153, 280),
(24, 281),
(1174, 281),
(1897, 281),
(2155, 281),
(2156, 281),
(2157, 281),
(2158, 281),
(2159, 281),
(2160, 281),
(2162, 282),
(2163, 282),
(2164, 282),
(2165, 282),
(2166, 282),
(2167, 282),
(2168, 282),
(2169, 282),
(2170, 282),
(2170, 283),
(2172, 283),
(2173, 283),
(2174, 283),
(2175, 283),
(2176, 283),
(2177, 283),
(2178, 283),
(2180, 284),
(2181, 284),
(2182, 284),
(2183, 284),
(2184, 284),
(2185, 284),
(2186, 284),
(2187, 284),
(2188, 284),
(268, 285),
(276, 285),
(1635, 285),
(2189, 285),
(2190, 285),
(2191, 285),
(2192, 285),
(2193, 285),
(2194, 285),
(1, 286),
(294, 286),
(517, 286),
(1557, 286),
(1642, 286),
(2021, 286),
(2196, 286),
(2197, 286),
(2198, 286),
(894, 287),
(1358, 287),
(1546, 287),
(1547, 287),
(1549, 287),
(1551, 287),
(1552, 287),
(1553, 287),
(2200, 287),
(407, 288),
(884, 288),
(1423, 288),
(2202, 288),
(2203, 288),
(2204, 288),
(2205, 288),
(2206, 288),
(2207, 288),
(1414, 289),
(2209, 289),
(2210, 289),
(2211, 289),
(2212, 289),
(2213, 289),
(2214, 289),
(2215, 289),
(2216, 289),
(1150, 290),
(1153, 290),
(2217, 290),
(2218, 290),
(2219, 290),
(2220, 290),
(2221, 290),
(2222, 290);

-- --------------------------------------------------------

--
-- Structure de la table `note`
--

CREATE TABLE `note` (
  `id_utilisateur` int(15) NOT NULL,
  `id_film` int(15) NOT NULL,
  `note` int(2) NOT NULL
) ENGINE=InnoDB DEFAULT CHARSET=latin1;

-- --------------------------------------------------------

--
-- Structure de la table `amis`
--

CREATE TABLE `amis` (
  `id_utilisateur1` int(15) NOT NULL,
  `id_utilisateur2` int(15) NOT NULL
) ENGINE=InnoDB DEFAULT CHARSET=latin1;

-- --------------------------------------------------------

--
-- Structure de la table `commentaire`
--

CREATE TABLE `commentaire` (
  `id_utilisateur` int(15) NOT NULL,
  `id_film` int(15) NOT NULL,
  `commentaire` TEXT NOT NULL,
  `date` datetime NOT NULL
) ENGINE=InnoDB DEFAULT CHARSET=latin1;

-- --------------------------------------------------------

--
-- Structure de la table `Personne`
--

CREATE TABLE `Personne` (
  `id_personne` int(15) NOT NULL,
  `nom` varchar(25) NOT NULL,
  `prenom` varchar(25) NOT NULL
) ENGINE=InnoDB DEFAULT CHARSET=latin1;

--
-- Déchargement des données de la table `Personne`
--

INSERT INTO `Personne` (`id_personne`, `nom`, `prenom`) VALUES
(1, 'Leterrier', 'Louis'),
(2, 'Sy', 'Omar'),
(3, 'Lafitte', 'Laurent'),
(4, 'Higelin', 'Izïa'),
(5, 'Storoge', 'Dimitri'),
(6, 'Pezerat', 'Stéphane'),
(7, 'Prestia', 'Jo'),
(8, 'Péan', 'Flavie'),
(9, 'Schaub-Abkarian', 'Catherine'),
(10, 'Bergé', 'Sylvia'),
(11, 'Meakins', 'Toby'),
(12, 'Evans', 'Iola'),
(13, 'Butterfield', 'Asa'),
(14, 'Englund', 'Robert'),
(15, 'Griffin', 'Angela'),
(16, 'Gage', 'Ryan'),
(17, 'Marsan', 'Eddie'),
(18, 'Fleetwood', 'Kate'),
(19, 'Bolland', 'Joe'),
(20, 'Kimbook', 'Ioanna'),
(21, 'Eggers', 'Robert'),
(22, 'Skarsgård', 'Alexander'),
(23, 'Kidman', 'Nicole'),
(24, 'Bang', 'Claes'),
(25, 'Hawke', 'Ethan'),
(26, 'Taylor-Joy', 'Anya'),
(27, 'Lindh', 'Gustav'),
(28, 'Rose', 'Elliott'),
(29, 'Dafoe', 'Willem'),
(30, 'Martin', 'Phill'),
(31, 'Araki', 'Tetsuro'),
(32, 'Shison', 'Jun'),
(33, '', 'Riria'),
(34, 'Hirose', 'Alice'),
(35, 'Miyano', 'Mamoru'),
(36, 'Kaji', 'Yuki'),
(37, 'Hatanaka', 'Tasuku'),
(38, 'Senbongi', 'Sayaka'),
(39, 'Osaka', 'Ryota'),
(40, 'Hatano', 'Wataru'),
(41, 'Saleh', 'Tarik'),
(42, 'Pine', 'Chris'),
(43, 'Foster', 'Ben'),
(44, 'Jacobs', 'Gillian'),
(45, 'Sutherland', 'Kiefer'),
(46, 'Munteanu', 'Florian'),
(47, 'Fletcher', 'Tait'),
(48, 'Fares', 'Fares'),
(49, 'Hoss', 'Nina'),
(50, 'Hayes', 'Anthony'),
(51, 'Efron', 'Zac'),
(52, 'Porter', 'Susie'),
(53, 'Sobik', 'Andreas'),
(54, 'Ngot', 'Akuol'),
(55, 'Biar', 'Thiik'),
(56, 'Bialowas', 'Barbara'),
(57, 'Mandes', 'Tomasz'),
(58, 'Sieklucka', 'Anna-Maria'),
(59, 'Morrone', 'Michele'),
(60, 'Susinna', 'Simone'),
(61, 'Lamparska', 'Magdalena'),
(62, 'Saralidze', 'Otar'),
(63, 'Urba?ska', 'Natasza'),
(64, 'Langa', 'Ramón'),
(65, 'Rajamouli', 'S.S.'),
(66, 'Rama', 'N.T.'),
(67, 'Charan', 'Ram'),
(68, 'Bhatt', 'Alia'),
(69, 'Morris', 'Olivia'),
(70, 'Devgn', 'Ajay'),
(71, 'Stevenson', 'Ray'),
(72, 'Doody', 'Alison'),
(73, '', 'Samuthirakani'),
(74, 'Bhakti', 'R.'),
(75, 'Levy', 'Shawn'),
(76, 'Reynolds', 'Ryan'),
(77, 'Scobell', 'Walker'),
(78, 'Ruffalo', 'Mark'),
(79, 'Garner', 'Jennifer'),
(80, 'Saldana', 'Zoe'),
(81, 'Keener', 'Catherine'),
(82, 'Mallari', 'Alex'),
(83, 'Bjerken', 'Braxton'),
(84, 'Wong', 'Kasra'),
(85, 'Madden', 'John'),
(86, 'Firth', 'Colin'),
(87, 'Macfadyen', 'Matthew'),
(88, 'Macdonald', 'Kelly'),
(89, 'Wilton', 'Penelope'),
(90, 'Flynn', 'Johnny'),
(91, 'Isaacs', 'Jason'),
(92, 'Gatiss', 'Mark'),
(93, 'Morahan', 'Hattie'),
(94, 'Ritter', 'Paul'),
(95, 'Metz', 'Janus'),
(96, 'Newton', 'Thandiwe'),
(97, 'Pryce', 'Jonathan'),
(98, 'Fishburne', 'Laurence'),
(99, 'Johnson', 'Corey'),
(100, 'O\'Neill', 'Jonjo'),
(101, '', 'Ahd'),
(102, 'Dawson', 'David'),
(103, 'Memarzia', 'Nasser'),
(104, 'Hardcastle', 'Alex'),
(105, 'Wilson', 'Rebel'),
(106, 'Hartley', 'Justin'),
(107, 'Rice', 'Angourie'),
(108, 'Richardson', 'Sam'),
(109, 'Chao', 'Zoe'),
(110, 'Holland', 'Mary'),
(111, 'Parnell', 'Chris'),
(112, 'Silverstone', 'Alicia'),
(113, 'Scott', 'Brandon'),
(114, 'West', 'Ti'),
(115, 'Goth', 'Mia'),
(116, 'Ortega', 'Jenna'),
(117, 'Snow', 'Brittany'),
(118, 'Henderson', 'Martin'),
(119, 'Cudi', 'Kid'),
(120, 'Campbell', 'Owen'),
(121, 'Ure', 'Stephen'),
(122, 'Gaylyn', 'James'),
(123, 'Prast', 'Simon'),
(124, 'Walter', 'Mandlakayise'),
(125, 'Vosloo', 'Arnold'),
(126, 'Masha', 'Tumisho'),
(127, 'Rametsi', 'Thabo'),
(128, 'Dlamini', 'Noxolo'),
(129, 'Erasmus', 'Stefan'),
(130, 'Kozlowski', 'Sarah'),
(131, 'Strydom', 'Justin'),
(132, 'Boyd', 'Clayton'),
(133, 'Gombault', 'Jacques'),
(134, 'Sollett', 'Peter'),
(135, 'Martell', 'Jaeden'),
(136, 'Hainsworth', 'Isis'),
(137, 'Greensmith', 'Adrian'),
(138, 'Urrea', 'Noah'),
(139, 'Davis', 'Phelan'),
(140, 'Gelman', 'Brett'),
(141, 'Bradshaw', 'Sufe'),
(142, 'Fang', 'Michelle'),
(143, 'Van', 'Teddy'),
(144, 'Cooper', 'Emma'),
(145, 'Monroe', 'Marilyn'),
(146, 'F.', 'Robert'),
(147, 'F.', 'John'),
(148, 'Summers', 'Anthony'),
(149, 'Hateley', 'Linzi'),
(150, 'Johnson', 'CJ'),
(151, 'Johnson', 'Sorel'),
(152, 'Lillis', 'Andre'),
(153, 'Lloyd', 'Sion'),
(154, 'Lyne', 'Adrian'),
(155, 'Affleck', 'Ben'),
(156, 'de', 'Ana'),
(157, 'Letts', 'Tracy'),
(158, 'Rel', 'Lil'),
(159, 'Mihok', 'Dash'),
(160, 'Wittrock', 'Finn'),
(161, 'Connolly', 'Kristen'),
(162, 'Elordi', 'Jacob'),
(163, 'Blanchard', 'Rachel'),
(164, 'Cave', 'Mimi'),
(165, 'Edgar-Jones', 'Daisy'),
(166, 'Stan', 'Sebastian'),
(167, 'T.', 'Jonica'),
(168, 'Bang', 'Andrea'),
(169, 'Okeniyi', 'Dayo'),
(170, 'Le', 'Charlotte'),
(171, 'Dier', 'Brett'),
(172, 'Maris', 'Alina'),
(173, 'Belleau', 'William'),
(174, 'Roinsard', 'Régis'),
(175, 'Efira', 'Virginie'),
(176, 'Duris', 'Romain'),
(177, 'Gadebois', 'Grégory'),
(178, 'Maillot', 'Éliza'),
(179, 'Charton', 'Bénédicte'),
(180, 'Lombard', 'Morgane'),
(181, 'Chaudat', 'Fabienne'),
(182, 'Mercadal', 'Franck'),
(183, 'Bleger', 'Lucas'),
(184, 'Cohen', 'Sammi'),
(185, 'Blanchard', 'Rowan'),
(186, 'Cravalho', 'Auli\'i'),
(187, 'Ferreira', 'Isabella'),
(188, 'Alvarez', 'Tyler'),
(189, 'Dunn', 'Teala'),
(190, 'Mandvi', 'Aasif'),
(191, 'Buteau', 'Michelle'),
(192, 'Mullally', 'Megan'),
(193, 'Weyrich', 'Addie'),
(194, 'Watts', 'Jon'),
(195, 'Holland', 'Tom'),
(196, '', 'Zendaya'),
(197, 'Cumberbatch', 'Benedict'),
(198, 'Batalon', 'Jacob'),
(199, 'Favreau', 'Jon'),
(200, 'Foxx', 'Jamie'),
(201, 'Molina', 'Alfred'),
(202, 'Wong', 'Benedict'),
(203, 'Serkis', 'Andy'),
(204, 'Hardy', 'Tom'),
(205, 'Harrelson', 'Woody'),
(206, 'Williams', 'Michelle'),
(207, 'Harris', 'Naomie'),
(208, 'Scott', 'Reid'),
(209, 'Graham', 'Stephen'),
(210, 'Lu', 'Peggy'),
(211, 'Webber', 'Sian'),
(212, 'Greenidge', 'Michelle'),
(213, 'Villeneuve', 'Denis'),
(214, 'Chalamet', 'Timothée'),
(215, 'Ferguson', 'Rebecca'),
(216, 'Isaac', 'Oscar'),
(217, 'Brolin', 'Josh'),
(218, 'Skarsgård', 'Stellan'),
(219, 'Bautista', 'Dave'),
(220, 'Duncan-Brewster', 'Sharon'),
(221, 'McKinley', 'Stephen'),
(222, 'Eboué', 'Fabrice'),
(223, 'Foïs', 'Marina'),
(224, 'Hocq', 'Virginie'),
(225, 'Cayrey', 'Jean-François'),
(226, 'Do', 'Lisa'),
(227, 'Meutelet', 'Victor'),
(228, 'Soo', 'Stéphane'),
(229, 'Lumbreras', 'Nicolas'),
(230, 'Chardard', 'Alexia'),
(231, 'Wachowski', 'Lana'),
(232, 'Reeves', 'Keanu'),
(233, 'Moss', 'Carrie-Anne'),
(234, 'Abdul-Mateen', 'Yahya'),
(235, 'Henwick', 'Jessica'),
(236, 'Groff', 'Jonathan'),
(237, 'Patrick', 'Neil'),
(238, 'Chopra', 'Priyanka'),
(239, 'Ricci', 'Christina'),
(240, 'Pinkett', 'Jada'),
(241, 'Zhao', 'Chloé'),
(242, 'Chan', 'Gemma'),
(243, 'Madden', 'Richard'),
(244, 'Jolie', 'Angelina'),
(245, 'Nanjiani', 'Kumail'),
(246, 'Keoghan', 'Barry'),
(247, 'Ridloff', 'Lauren'),
(248, 'McHugh', 'Lia'),
(249, 'Tyree', 'Brian'),
(250, 'Dong-seok', 'Ma'),
(251, 'Comer', 'Jodie'),
(252, 'Keery', 'Joe'),
(253, 'Ambudkar', 'Utkarsh'),
(254, 'Waititi', 'Taika'),
(255, 'Tatum', 'Channing'),
(256, 'W', 'Aaron'),
(257, 'Oldford', 'Britne'),
(258, 'Gillespie', 'Craig'),
(259, 'Stone', 'Emma'),
(260, 'Thompson', 'Emma'),
(261, 'Fry', 'Joel'),
(262, 'Walter', 'Paul'),
(263, 'Strong', 'Mark'),
(264, 'Seifert-Cleveland', 'Tipper'),
(265, 'Howell-Baptiste', 'Kirby'),
(266, 'Beecham', 'Emily'),
(267, 'McCrea', 'John'),
(268, 'Gozlan', 'Yann'),
(269, 'Niney', 'Pierre'),
(270, 'de', 'Lou'),
(271, 'Dussollier', 'André'),
(272, 'Pouderoux', 'Sébastien'),
(273, 'Rabourdin', 'Olivier'),
(274, 'Marquet', 'Guillaume'),
(275, 'Djaadi', 'Mehdi'),
(276, 'Recoing', 'Aurélien'),
(277, 'Marcon', 'André'),
(278, 'Bourboulon', 'Martin'),
(279, 'Mackey', 'Emma'),
(280, 'Deladonchamps', 'Pierre'),
(281, 'Boulanger', 'Armande'),
(282, 'Manet', 'Andranic'),
(283, 'Steiger', 'Alexandre'),
(284, 'Hérisson', 'Philippe'),
(285, 'Petrus', 'Jérémie'),
(286, 'Lopez', 'Jérémy'),
(287, 'Vaughn', 'Matthew'),
(288, 'Fiennes', 'Ralph'),
(289, 'Dickinson', 'Harris'),
(290, 'Arterton', 'Gemma'),
(291, 'Ifans', 'Rhys'),
(292, 'Hounsou', 'Djimon'),
(293, 'Goode', 'Matthew'),
(294, 'Hollander', 'Tom'),
(295, 'Brühl', 'Daniel'),
(296, 'Dance', 'Charles'),
(297, 'Hamaguchi', 'Ryusuke'),
(298, 'Nishijima', 'Hidetoshi'),
(299, 'Miura', 'Toko'),
(300, 'Okada', 'Masaki'),
(301, 'Kirishima', 'Reika'),
(302, 'Yu-rim', 'Park'),
(303, 'Dae-yeon', 'Jin'),
(304, 'Yuan', 'Sonia'),
(305, 'Hwi-tae', 'Ahn'),
(306, 'Dizon', 'Perry'),
(307, 'Baroux', 'Olivier'),
(308, 'Rouve', 'Jean-Paul'),
(309, 'Nanty', 'Isabelle'),
(310, 'Blanc', 'Michel'),
(311, 'Nadeau', 'Claire'),
(312, 'Stern', 'Sarah'),
(313, 'Lottin', 'Pierre'),
(314, 'Fernandez', 'Théo'),
(315, 'Berléand', 'François'),
(316, 'Night', 'M.'),
(317, 'García', 'Gael'),
(318, 'Krieps', 'Vicky'),
(319, 'Sewell', 'Rufus'),
(320, 'Wolff', 'Alex'),
(321, 'McKenzie', 'Thomasin'),
(322, 'Lee', 'Abbey'),
(323, 'Amuka-Bird', 'Nikki'),
(324, 'Leung', 'Ken'),
(325, 'Scanlen', 'Eliza'),
(326, 'Daniel', 'Destin'),
(327, 'Liu', 'Simu'),
(328, 'Leung', 'Tony'),
(329, '', 'Awkwafina'),
(330, 'Zhang', 'Meng\'er'),
(331, 'Chen', 'Fala'),
(332, 'Yeoh', 'Michelle'),
(333, 'Wah', 'Yuen'),
(334, 'Kingsley', 'Ben'),
(335, 'Reitman', 'Jason'),
(336, 'Coon', 'Carrie'),
(337, 'Wolfhard', 'Finn'),
(338, 'Grace', 'Mckenna'),
(339, 'Rudd', 'Paul'),
(340, 'Kim', 'Logan'),
(341, 'O\'Connor', 'Celeste'),
(342, 'Murray', 'Bill'),
(343, 'Aykroyd', 'Dan'),
(344, 'Hudson', 'Ernie'),
(345, 'Kirkby', 'Tim'),
(346, 'Hunnam', 'Charlie'),
(347, 'Gibson', 'Mel'),
(348, 'Baccarin', 'Morena'),
(349, 'Brown', 'Clancy'),
(350, 'Friend', 'Rupert'),
(351, 'Fry', 'Lucy'),
(352, 'Monaghan', 'Dominic'),
(353, 'Scipio', 'Jacob'),
(354, 'Ben-Victor', 'Paul'),
(355, 'Thyberg', 'Ninja'),
(356, 'Kappel', 'Sofia'),
(357, 'Morrison', 'Zelda'),
(358, 'Reel', 'Tee'),
(359, 'Claire', 'Evelyn'),
(360, 'Cock', 'Chris'),
(361, 'DeArmond', 'Dana'),
(362, 'Spade', 'Kendra'),
(363, 'Spiegler', 'Mark'),
(364, 'Melander', 'Eva'),
(365, 'Krasinski', 'John'),
(366, 'Blunt', 'Emily'),
(367, 'Murphy', 'Cillian'),
(368, 'Simmonds', 'Millicent'),
(369, 'Jupe', 'Noah'),
(370, 'Duvall', 'Wayne'),
(371, 'McNairy', 'Scoot'),
(372, 'Onaodowan', 'Okieriete'),
(373, 'Bedos', 'Nicolas'),
(374, 'Dujardin', 'Jean'),
(375, 'Yordanoff', 'Wladimir'),
(376, 'N\'Diaye', 'Fatou'),
(377, 'Lindinger', 'Natacha'),
(378, 'Cohen', 'Gilles'),
(379, 'White', 'Pol'),
(380, 'Fournier', 'Brice'),
(381, 'Paviot', 'Bruno'),
(382, 'Robitel', 'Adam'),
(383, 'Russell', 'Taylor'),
(384, 'Miller', 'Logan'),
(385, 'Moore', 'Indya'),
(386, 'Roden', 'Holland'),
(387, 'Cocquerel', 'Thomas'),
(388, 'Olivero', 'Carlito'),
(389, 'Frain', 'James'),
(390, 'Fuhrman', 'Isabelle'),
(391, 'Ann', 'Deborah'),
(392, 'Shortland', 'Cate'),
(393, 'Johansson', 'Scarlett'),
(394, 'Pugh', 'Florence'),
(395, 'Weisz', 'Rachel'),
(396, 'Harbour', 'David'),
(397, 'Winstone', 'Ray'),
(398, 'Kurylenko', 'Olga'),
(399, 'Anderson', 'Ever'),
(400, 'McGraw', 'Violet'),
(401, 'Fagbenle', 'O.T.'),
(402, 'Gunn', 'James'),
(403, 'Robbie', 'Margot'),
(404, 'Elba', 'Idris'),
(405, 'Cena', 'John'),
(406, 'Kinnaman', 'Joel'),
(407, 'Stallone', 'Sylvester'),
(408, 'Davis', 'Viola'),
(409, 'Dastmalchian', 'David'),
(410, 'Melchior', 'Daniela'),
(411, 'Rooker', 'Michael'),
(412, 'Collet-Serra', 'Jaume'),
(413, 'Johnson', 'Dwayne'),
(414, 'Ramírez', 'Edgar'),
(415, 'Whitehall', 'Jack'),
(416, 'Plemons', 'Jesse'),
(417, 'Giamatti', 'Paul'),
(418, 'Falcón', 'Veronica'),
(419, 'Rovira', 'Dani'),
(420, 'Gutiérrez', 'Quim'),
(421, 'Wright', 'Edgar'),
(422, 'Smith', 'Matt'),
(423, 'Tushingham', 'Rita'),
(424, 'Ajao', 'Michael'),
(425, 'Karlsen', 'Synnøve'),
(426, 'McLynn', 'Pauline'),
(427, 'Stamp', 'Terence'),
(428, 'Rigg', 'Diana'),
(429, 'Cullen', 'James'),
(430, 'Metcalfe', 'Jesse'),
(431, 'Willis', 'Bruce'),
(432, 'Michael', 'Chad'),
(433, 'Greyson', 'Kelly'),
(434, 'Blain', 'Ser\'Darius'),
(435, 'Viteri', 'Katalina'),
(436, 'Doherty', 'Shannen'),
(437, 'Burn', 'Natalie'),
(438, 'Cordova', 'Kaleina'),
(439, 'Scott', 'Ridley'),
(440, 'Gaga', 'Lady'),
(441, 'Driver', 'Adam'),
(442, 'Leto', 'Jared'),
(443, 'Irons', 'Jeremy'),
(444, 'Pacino', 'Al'),
(445, 'Hayek', 'Salma'),
(446, 'Huston', 'Jack'),
(447, 'Cottin', 'Camille'),
(448, 'Carney', 'Reeve'),
(449, 'Giannoli', 'Xavier'),
(450, 'Voisin', 'Benjamin'),
(451, 'de', 'Cécile'),
(452, 'Lacoste', 'Vincent'),
(453, 'Dolan', 'Xavier'),
(454, 'Balibar', 'Jeanne'),
(455, 'de', 'Louis-Do'),
(456, 'Depardieu', 'Gérard'),
(457, 'Stévenin', 'Jean-François'),
(458, 'Naishuller', 'Ilya'),
(459, 'Odenkirk', 'Bob'),
(460, 'Nielsen', 'Connie'),
(461, 'Lloyd', 'Christopher'),
(462, 'Serebryakov', 'Aleksey'),
(463, '', 'RZA'),
(464, 'Ironside', 'Michael'),
(465, 'Salmon', 'Colin'),
(466, 'MacLellan', 'Billy'),
(467, 'Mengesha', 'Araya'),
(468, 'Damon', 'Matt'),
(469, 'Walter', 'Harriet'),
(470, 'Lawther', 'Alex'),
(471, 'Csokas', 'Marton'),
(472, 'Parker', 'Nathaniel'),
(473, 'Haddon', 'Tallulah'),
(474, 'DaCosta', 'Nia'),
(475, 'Parris', 'Teyonah'),
(476, 'Domingo', 'Colman'),
(477, 'Stewart-Jarrett', 'Nathan'),
(478, 'Kaminsky', 'Kyle'),
(479, 'Williams', 'Vanessa'),
(480, 'King', 'Brian'),
(481, 'Moss', 'Miriam'),
(482, 'Spence', 'Rebecca'),
(483, 'Spielberg', 'Steven'),
(484, 'Elgort', 'Ansel'),
(485, 'Zegler', 'Rachel'),
(486, 'Moreno', 'Rita'),
(487, 'DeBose', 'Ariana'),
(488, 'Alvarez', 'David'),
(489, 'Stoll', 'Corey'),
(490, 'd\'Arcy', 'Brian'),
(491, 'Andrés', 'Josh'),
(492, 'Faist', 'Mike'),
(493, 'Marcus', 'Reinaldo'),
(494, 'Smith', 'Will'),
(495, 'Ellis', 'Aunjanue'),
(496, 'Sidney', 'Saniyya'),
(497, 'Singleton', 'Demi'),
(498, 'Goldwyn', 'Tony'),
(499, 'Bernthal', 'Jon'),
(500, 'Abromeit', 'Susie'),
(501, 'McDermott', 'Dylan'),
(502, 'Chapman', 'Judith'),
(503, 'Trier', 'Joachim'),
(504, 'Reinsve', 'Renate'),
(505, 'Danielsen', 'Anders'),
(506, 'Nordrum', 'Herbert'),
(507, 'Olav', 'Hans'),
(508, 'Bjørnebye', 'Helene'),
(509, 'Sandem', 'Vidar'),
(510, 'Grazia', 'Maria'),
(511, 'Gretland', 'Lasse'),
(512, 'Røise', 'Karen'),
(513, 'Thomas', 'Paul'),
(514, 'Haim', 'Alana'),
(515, 'Hoffman', 'Cooper'),
(516, 'Penn', 'Sean'),
(517, 'Waits', 'Tom'),
(518, 'Cooper', 'Bradley'),
(519, 'Safdie', 'Benny'),
(520, 'Gisondo', 'Skyler'),
(521, 'Elizabeth', 'Mary'),
(522, 'Michael', 'John'),
(523, 'Hutchings', 'Peter'),
(524, 'Hale', 'Lucy'),
(525, 'Stowell', 'Austin'),
(526, 'Jackson', 'Yasha'),
(527, 'Jaffrey', 'Sakina'),
(528, 'Bernsen', 'Corbin'),
(529, 'Boswell', 'Kathryn'),
(530, 'Tucker', 'Shona'),
(531, 'Campion', 'Jane'),
(532, 'Dunst', 'Kirsten'),
(533, 'Smit-McPhee', 'Kodi'),
(534, 'Conroy', 'Frances'),
(535, 'Carradine', 'Keith'),
(536, 'Lemon', 'Genevieve'),
(537, 'Beach', 'Adam'),
(538, 'Ducournau', 'Julia'),
(539, 'Rousselle', 'Agathe'),
(540, 'Lindon', 'Vincent'),
(541, 'Marillier', 'Garance'),
(542, 'Salameh', 'Laïs'),
(543, 'Cissé', 'Mara'),
(544, 'Judas', 'Marin'),
(545, 'Tacu', 'Diong-Kéba'),
(546, 'Akheddiou', 'Myriem'),
(547, 'Bonello', 'Bertrand'),
(548, 'Fowler', 'Jeff'),
(549, 'Schwartz', 'Ben'),
(550, 'Marsden', 'James'),
(551, 'Carrey', 'Jim'),
(552, 'Sumpter', 'Tika'),
(553, 'Rothwell', 'Natasha'),
(554, 'Pally', 'Adam'),
(555, 'Majdoub', 'Lee'),
(556, 'McDonough', 'Neal'),
(557, 'Butler', 'Tom'),
(558, 'Joji', 'Cary'),
(559, 'Craig', 'Daniel'),
(560, 'Seydoux', 'Léa'),
(561, 'Malek', 'Rami'),
(562, 'Lynch', 'Lashana'),
(563, 'Whishaw', 'Ben'),
(564, 'Kinnear', 'Rory'),
(565, 'Wright', 'Jeffrey'),
(566, 'Jimenez', 'Cédric'),
(567, 'Lellouche', 'Gilles'),
(568, 'Civil', 'François'),
(569, 'Leklou', 'Karim'),
(570, 'Exarchopoulos', 'Adèle'),
(571, 'Lecomte', 'Cyril'),
(572, 'Fortas', 'Kenza'),
(573, 'Abiteboul', 'Michaël'),
(574, 'Azougli', 'Idir'),
(575, 'Darmuzey', 'Vincent'),
(576, 'Suits', 'John'),
(577, 'Jane', 'Thomas'),
(578, 'Kearsley', 'Cody'),
(579, 'Nichols', 'Rachel'),
(580, 'Clementi', 'Kassandra'),
(581, 'Messner', 'Johnny'),
(582, 'Large', 'Corey'),
(583, 'Mulvey', 'Callan'),
(584, 'V.', 'Timothy'),
(585, 'Sotozaki', 'Haruo'),
(586, 'Hanae', 'Natsuki'),
(587, 'Kito', 'Akari'),
(588, 'Shimono', 'Hiro'),
(589, 'Matsuoka', 'Yoshitsugu'),
(590, 'Hino', 'Satoshi'),
(591, 'Sakurai', 'Takahiro'),
(592, 'Konishi', 'Katsuyuki'),
(593, 'Hayami', 'Saori'),
(594, 'Suzumura', 'Kenichi'),
(595, 'Chaganty', 'Aneesh'),
(596, 'Paulson', 'Sarah'),
(597, 'Allen', 'Kiera'),
(598, 'Healy', 'Pat'),
(599, 'Sohn', 'Sara'),
(600, 'Athavale', 'Erik'),
(601, 'J.', 'B.'),
(602, 'Bajer', 'Sharon'),
(603, 'Ames', 'Onalee'),
(604, 'Rodriguez', 'Joanne'),
(605, 'Vinterberg', 'Thomas'),
(606, 'Mikkelsen', 'Mads'),
(607, 'Bo', 'Thomas'),
(608, 'Ranthe', 'Lars'),
(609, 'Millang', 'Magnus'),
(610, 'Bonnevie', 'Maria'),
(611, 'Wold', 'Susse'),
(612, 'Reingaard', 'Helene'),
(613, 'Camille', 'Diêm'),
(614, 'Greis-Rosenthal', 'Martin'),
(615, 'Zeller', 'Florian'),
(616, 'Hopkins', 'Anthony'),
(617, 'Colman', 'Olivia'),
(618, 'Williams', 'Olivia'),
(619, 'Poots', 'Imogen'),
(620, 'Dharker', 'Ayesha'),
(621, 'Zeller', 'Roman'),
(622, 'Mullins', 'Scott'),
(623, 'Ford', 'Francis'),
(624, 'Wroc?awski', 'Bronis?aw'),
(625, 'Szapo?owska', 'Gra?yna'),
(626, 'Marder', 'Darius'),
(627, 'Ahmed', 'Riz'),
(628, 'Cooke', 'Olivia'),
(629, 'Raci', 'Paul'),
(630, 'Amalric', 'Mathieu'),
(631, 'Kemp', 'Tom'),
(632, 'Perfetti', 'Chris'),
(633, 'Baack', 'Hillary'),
(634, 'Lee', 'Chelsea'),
(635, 'Viard', 'Karin'),
(636, 'Vincent', 'Hélène'),
(637, 'Macaigne', 'Vincent'),
(638, 'Garcia', 'Nicole'),
(639, 'Beauvallet', 'Christine'),
(640, 'Bettencourt', 'Juliette'),
(641, 'Bienenfeld', 'Charlotte'),
(642, 'Bohbote', 'Jean-Claude'),
(643, 'Lemercier', 'Valérie'),
(644, 'Marcel', 'Sylvain'),
(645, 'Préchac', 'Arnaud'),
(646, 'Drucker', 'Michel'),
(647, 'Lefrançois', 'Denis'),
(648, 'Fichaud', 'Danielle'),
(649, 'LaFortune', 'Roc'),
(650, 'Vézina', 'Antoine'),
(651, 'Vachon', 'Sonia'),
(652, 'McDormand', 'Frances'),
(653, 'Strathairn', 'David'),
(654, 'May', 'Linda'),
(655, '', 'Swankie'),
(656, 'DeForest', 'Gay'),
(657, 'Grier', 'Patricia'),
(658, 'Reyes', 'Angela'),
(659, 'R.', 'Carl'),
(660, 'G.', 'Douglas'),
(661, 'Caissie', 'Michael'),
(662, 'Mohr', 'Jay'),
(663, 'Patrick', 'Sean'),
(664, 'Bowden', 'Katrina'),
(665, 'Wyss', 'Amanda'),
(666, 'Ennenga', 'India'),
(667, 'Daniels', 'Spencer'),
(668, 'Carlson', 'Will'),
(669, 'Parker', 'Emmalee'),
(670, 'Jenkins', 'Patty'),
(671, 'Gadot', 'Gal'),
(672, 'Wiig', 'Kristen'),
(673, 'Pascal', 'Pedro'),
(674, 'Wright', 'Robin'),
(675, 'Aspell', 'Lilly'),
(676, 'Waked', 'Amr'),
(677, 'Polaha', 'Kristoffer'),
(678, 'Courcol', 'Emmanuel'),
(679, 'Merad', 'Kad'),
(680, 'Hands', 'Marina'),
(681, 'Stocker', 'Laurent'),
(682, 'Nabié', 'Wabinlé'),
(683, 'Medvedev', 'Aleksandr'),
(684, 'Benchnafa', 'Saïd'),
(685, 'Ayala', 'David'),
(686, 'Courcol-Rozès', 'Mathilde'),
(687, 'Dupontel', 'Albert'),
(688, 'Marié', 'Nicolas'),
(689, 'Berroyer', 'Jackie'),
(690, 'Uchan', 'Philippe'),
(691, 'Ughetto', 'Bastien'),
(692, 'Aussilloux', 'Marilou'),
(693, 'Vuillermoz', 'Michel'),
(694, 'Yan', 'Cathy'),
(695, 'McGregor', 'Ewan'),
(696, 'Elizabeth', 'Mary'),
(697, 'Smollett', 'Jurnee'),
(698, 'Perez', 'Rosie'),
(699, 'Messina', 'Chris'),
(700, 'Jay', 'Ella'),
(701, 'Wong', 'Ali'),
(702, 'Willig', 'Matthew'),
(703, 'Cooke', 'Dominic'),
(704, 'Ninidze', 'Merab'),
(705, 'Brosnahan', 'Rachel'),
(706, 'Buckley', 'Jessie'),
(707, 'Wright', 'Angus'),
(708, 'Pirogov', 'Kirill'),
(709, 'Šindelková', 'Iva'),
(710, 'Chuprikov', 'Vladimir'),
(711, 'Haig', 'Fred'),
(712, 'van', 'Pim'),
(713, 'Gernandt', 'Tygo'),
(714, 'Jan', 'Egbert'),
(715, 'Reurekas', 'Samuel'),
(716, 'Janneh', 'Sarah'),
(717, 'Elliott', 'Mike'),
(718, 'Pettis', 'Madison'),
(719, 'Curda', 'Piper'),
(720, 'Barnet', 'Darren'),
(721, 'Broadway', 'Lizze'),
(722, 'Rue', 'Sara'),
(723, 'Elise', 'Jeannie'),
(724, 'Bleu', 'Lily'),
(725, 'Wong', 'Stephanie'),
(726, 'Behnam', 'Natasha'),
(727, 'Scanlon', 'Dan'),
(728, 'Pratt', 'Chris'),
(729, 'Louis-Dreyfus', 'Julia'),
(730, 'Spencer', 'Octavia'),
(731, 'Rodriguez', 'Mel'),
(732, 'Bornheimer', 'Kyle'),
(733, 'Waithe', 'Lena'),
(734, 'DeLisle', 'Grey'),
(735, 'Spalla', 'Rick'),
(736, 'Richards', 'Denise'),
(737, 'McDowell', 'Malcolm'),
(738, 'Muldoon', 'Patrick'),
(739, 'Balfour', 'Eric'),
(740, 'McCormick', 'Maddie'),
(741, 'Temple', 'Lew'),
(742, 'Jaye', 'Lucas'),
(743, 'Gage', 'Ed'),
(744, 'Simpson', 'Casey'),
(745, 'Moshe', 'Guy'),
(746, 'D\'Arcy', 'James'),
(747, 'McKee', 'Gina'),
(748, 'Lindo', 'Delroy'),
(749, 'Aubrey', 'Juliet'),
(750, 'Brewster', 'Anna'),
(751, 'Hayden', 'Jay'),
(752, 'Hand', 'Linc'),
(753, 'Cassi', 'Gabrielle'),
(754, 'Zaki', 'Ronin'),
(755, 'Isaac', 'Lee'),
(756, 'Yeun', 'Steven'),
(757, 'Yeri', 'Han'),
(758, 'Yuh-jung', 'Youn'),
(759, 'Patton', 'Will'),
(760, 'Kim', 'Alan'),
(761, 'Kate', 'Noel'),
(762, 'Haze', 'Scott'),
(763, 'Cox', 'Darryl'),
(764, 'Moon', 'Esther'),
(765, 'Tirard', 'Laurent'),
(766, 'Lavernhe', 'Benjamin'),
(767, 'Giraudeau', 'Sara'),
(768, 'Khojandi', 'Kyan'),
(769, 'Piaton', 'Julia'),
(770, 'Morel', 'François'),
(771, 'Londez', 'Guilaine'),
(772, 'Chassagne', 'Sébastien'),
(773, 'Suco', 'Sarah'),
(774, 'Whannell', 'Leigh'),
(775, 'Moss', 'Elisabeth'),
(776, 'Hodge', 'Aldis'),
(777, 'Reid', 'Storm'),
(778, 'Dorman', 'Michael'),
(779, 'Dyer', 'Harriet'),
(780, 'Jackson-Cohen', 'Oliver'),
(781, 'Hardie', 'Benedict'),
(782, 'Michales', 'Zara'),
(783, 'Lim', 'Renee'),
(784, 'Gaghan', 'Stephen'),
(785, 'Downey', 'Robert'),
(786, 'Banderas', 'Antonio'),
(787, 'Sheen', 'Michael'),
(788, 'Broadbent', 'Jim'),
(789, 'Collett', 'Harry'),
(790, 'Grostein', 'Fernando'),
(791, 'Schnapp', 'Noah'),
(792, 'Jorge', 'Seu'),
(793, 'Domi?czyk', 'Dagmara'),
(794, 'Margolis', 'Mark'),
(795, 'Mardirosian', 'Tom'),
(796, 'Moayed', 'Arian'),
(797, 'Elliott', 'Josh'),
(798, 'Hodge', 'Alexander'),
(799, 'Coluca', 'Teddy'),
(800, 'Boudali', 'Tarek'),
(801, 'Lacheau', 'Philippe'),
(802, 'Arruti', 'Julien'),
(803, 'Guide', 'Vanessa'),
(804, 'Garcia', 'José'),
(805, 'Chazel', 'Marie-Anne'),
(806, 'Kherici', 'Reem'),
(807, 'Ladesou', 'Chantal'),
(808, 'Reichardt', 'Kelly'),
(809, 'Magaro', 'John'),
(810, 'Lee', 'Orion'),
(811, 'Jones', 'Toby'),
(812, 'Bremner', 'Ewen'),
(813, 'Shepherd', 'Scott'),
(814, 'Farmer', 'Gary'),
(815, 'Gladstone', 'Lily'),
(816, 'Shawkat', 'Alia'),
(817, 'Smith', 'Dylan'),
(818, 'Gevargizian', 'Jill'),
(819, 'Townsend', 'Najarra'),
(820, 'Dupuie', 'Angela'),
(821, 'Plas', 'Jennifer'),
(822, 'Bruckner', 'David'),
(823, 'Hall', 'Rebecca'),
(824, 'Goldberg', 'Sarah'),
(825, 'Curtis-Hall', 'Vondie'),
(826, 'Jonigkeit', 'Evan'),
(827, 'Martin', 'Stacy'),
(828, 'Abeles', 'David'),
(829, 'Jackson', 'Christina'),
(830, 'Klein', 'Patrick'),
(831, 'Swan', 'Crystal'),
(832, 'Kumble', 'Roger'),
(833, 'Langford', 'Josephine'),
(834, 'Fiennes', 'Hero'),
(835, 'Sprouse', 'Dylan'),
(836, 'Lombard', 'Louise'),
(837, 'Weber', 'Charlie'),
(838, 'King', 'Candice'),
(839, 'Paul', 'Shane'),
(840, 'Estes', 'Rob'),
(841, 'Sarkis', 'Inanna'),
(842, 'Boone', 'Josh'),
(843, 'Hunt', 'Blu'),
(844, 'Williams', 'Maisie'),
(845, 'Heaton', 'Charlie'),
(846, 'Braga', 'Alice'),
(847, 'Zaga', 'Henry'),
(848, 'Kee', 'Thomas'),
(849, 'Gannett', 'Colbi'),
(850, 'Dupieux', 'Quentin'),
(851, 'Ludig', 'Grégoire'),
(852, 'Marsais', 'David'),
(853, 'Hair', 'India'),
(854, 'Lochet', 'Bruno'),
(855, 'Russier', 'Coralie'),
(856, 'Elvis', 'Roméo'),
(857, 'Blanchard', 'Thomas'),
(858, 'Augé', 'Gaspard'),
(859, 'Schneider', 'Aaron'),
(860, 'Hanks', 'Tom'),
(861, 'Morgan', 'Rob'),
(862, 'Wiggins', 'Josh'),
(863, 'Brittney', 'Tom'),
(864, 'Shue', 'Elisabeth'),
(865, 'Pullen', 'Will'),
(866, 'Garcia-Rulfo', 'Manuel'),
(867, 'Glusman', 'Karl'),
(868, 'Engler', 'Michael'),
(869, 'Bonneville', 'Hugh'),
(870, 'Carmichael', 'Laura'),
(871, 'Carter', 'Jim'),
(872, 'Cassidy', 'Raquel'),
(873, 'Coyle', 'Brendan'),
(874, 'Dockery', 'Michelle'),
(875, 'Doyle', 'Kevin'),
(876, 'Fox', 'Michael'),
(877, 'Froggatt', 'Joanne'),
(878, 'L.', 'Samuel'),
(879, 'Gyllenhaal', 'Jake'),
(880, 'Tomei', 'Marisa'),
(881, 'Revolori', 'Tony'),
(882, 'Russo', 'Anthony'),
(883, 'Russo', 'Joe'),
(884, 'Evans', 'Chris'),
(885, 'Hemsworth', 'Chris'),
(886, 'Renner', 'Jeremy'),
(887, 'Cheadle', 'Don'),
(888, 'Letterman', 'Rob'),
(889, 'Smith', 'Justice'),
(890, 'Newton', 'Kathryn'),
(891, 'Nighy', 'Bill'),
(892, 'Watanabe', 'Ken'),
(893, 'Geere', 'Chris'),
(894, 'Waterhouse', 'Suki'),
(895, 'Ora', 'Rita'),
(896, 'Soni', 'Karan'),
(897, 'Aster', 'Ari'),
(898, 'Reynor', 'Jack'),
(899, 'Jackson', 'William'),
(900, 'Poulter', 'Will'),
(901, 'Blomgren', 'Vilhelm'),
(902, 'Grill', 'Isabelle'),
(903, 'Fred', 'Gunnel'),
(904, 'Torchia', 'Ellora'),
(905, 'Madekwe', 'Archie'),
(906, 'Le', 'Cédric'),
(907, 'Govare', 'Maxime'),
(908, 'Gob', 'Nicolas'),
(909, 'Lenoir', 'Alban'),
(910, 'Couët', 'Geoffrey'),
(911, 'Baïot', 'David'),
(912, 'Brau', 'Romain'),
(913, 'Lancry', 'Romain'),
(914, 'Menou', 'Roland'),
(915, 'Ejiofor', 'Chiwetel'),
(916, 'Oliver', 'John'),
(917, 'Earl', 'James'),
(918, 'Kani', 'John'),
(919, 'Woodard', 'Alfre'),
(920, 'McCrary', 'JD'),
(921, 'Wright', 'Shahadi'),
(922, 'Johnson', 'Penny'),
(923, 'Key', 'Keegan-Michael'),
(924, 'Joon-ho', 'Bong'),
(925, 'Kang-ho', 'Song'),
(926, 'Sun-kyun', 'Lee'),
(927, 'Yeo-jeong', 'Cho'),
(928, 'Woo-shik', 'Choi'),
(929, 'So-dam', 'Park'),
(930, 'Jung-eun', 'Lee'),
(931, 'Hye-jin', 'Jang'),
(932, 'Myung-hoon', 'Park'),
(933, 'Ji-so', 'Jung'),
(934, 'Pattinson', 'Robert'),
(935, 'Karaman', 'Valeriia'),
(936, 'Hawkes', 'Logan'),
(937, 'Nicolle', 'Kyla'),
(938, 'Clarke', 'Shaun'),
(939, 'Richard', 'Pierre'),
(940, 'Hudson', 'Preston'),
(941, 'Cruts', 'Jeff'),
(942, 'Phillips', 'Todd'),
(943, 'Phoenix', 'Joaquin'),
(944, 'De', 'Robert'),
(945, 'Beetz', 'Zazie'),
(946, 'Cullen', 'Brett'),
(947, 'Whigham', 'Shea'),
(948, 'Camp', 'Bill'),
(949, 'Fleshler', 'Glenn'),
(950, 'Gill', 'Leigh'),
(951, 'Ritchie', 'Guy'),
(952, 'McConaughey', 'Matthew'),
(953, 'Golding', 'Henry'),
(954, 'Strong', 'Jeremy'),
(955, 'Farrell', 'Colin'),
(956, 'Grant', 'Hugh'),
(957, 'Ajufo', 'Chidi'),
(958, 'Mendes', 'Sam'),
(959, 'MacKay', 'George'),
(960, 'Chapman', 'Dean-Charles'),
(961, 'Scott', 'Andrew'),
(962, 'Duburcq', 'Claire'),
(963, 'Mays', 'Daniel'),
(964, 'Johnson', 'Rian'),
(965, 'Lee', 'Jamie'),
(966, 'Shannon', 'Michael'),
(967, 'Johnson', 'Don'),
(968, 'Collette', 'Toni'),
(969, 'Stanfield', 'Lakeith'),
(970, 'Plummer', 'Christopher'),
(971, 'Mangold', 'James'),
(972, 'Bale', 'Christian'),
(973, 'Balfe', 'Caitríona'),
(974, 'Lucas', 'Josh'),
(975, 'Girone', 'Remo'),
(976, 'McKinnon', 'Ray'),
(977, 'Abrams', 'J.J.'),
(978, 'Fisher', 'Carrie'),
(979, 'Hamill', 'Mark'),
(980, 'Ridley', 'Daisy'),
(981, 'Boyega', 'John'),
(982, 'Daniels', 'Anthony'),
(983, 'Ackie', 'Naomi'),
(984, 'Gleeson', 'Domhnall'),
(985, 'Widmyer', 'Dennis'),
(986, 'Kölsch', 'Kevin'),
(987, 'Clarke', 'Jason'),
(988, 'Seimetz', 'Amy'),
(989, 'Lithgow', 'John'),
(990, 'Maria', 'Sonia'),
(991, 'Laurence', 'Jeté'),
(992, 'Lavoie', 'Hugo'),
(993, 'Lavoie', 'Lucas'),
(994, 'Ellis', 'Jay'),
(995, 'Dodani', 'Nik'),
(996, 'Labine', 'Tyler'),
(997, 'van', 'Yorick'),
(998, 'Geaney', 'Cornelius'),
(999, 'Crous', 'Russell'),
(1000, 'Tarantino', 'Quentin'),
(1001, 'DiCaprio', 'Leonardo'),
(1002, 'Pitt', 'Brad'),
(1003, 'Hirsch', 'Emile'),
(1004, 'Qualley', 'Margaret'),
(1005, 'Olyphant', 'Timothy'),
(1006, 'Butters', 'Julia'),
(1007, 'Butler', 'Austin'),
(1008, 'Fanning', 'Dakota'),
(1009, 'Bissell', 'Robin'),
(1010, 'P.', 'Taraji'),
(1011, 'Rockwell', 'Sam'),
(1012, 'Ceesay', 'Babou'),
(1013, 'Heche', 'Anne'),
(1014, 'Bentley', 'Wes'),
(1015, 'Searcy', 'Nick'),
(1016, 'McGill', 'Bruce'),
(1017, 'Gallagher', 'John'),
(1018, 'Logan', 'Nicholas'),
(1019, 'Peele', 'Jordan'),
(1020, 'Nyong\'o', 'Lupita'),
(1021, 'Duke', 'Winston'),
(1022, 'Alex', 'Evan'),
(1023, 'Heidecker', 'Tim'),
(1024, 'Sheldon', 'Cali'),
(1025, 'Sheldon', 'Noelle'),
(1026, 'Baudry', 'Antonin'),
(1027, 'Kassovitz', 'Mathieu'),
(1028, 'Kateb', 'Reda'),
(1029, 'Beer', 'Paula'),
(1030, 'Michalik', 'Alexis'),
(1031, 'Berteloot', 'Jean-Yves'),
(1032, 'Bonnard', 'Damien'),
(1033, 'Cévaër', 'Pierre'),
(1034, 'Roustaee', 'Saeed'),
(1035, 'Maadi', 'Payman'),
(1036, 'Mohammadzade', 'Navid'),
(1037, 'Izadyar', 'Parinaz'),
(1038, 'Aslani', 'Farhad'),
(1039, 'Kiai', 'Houman'),
(1040, 'Hosseinina', 'Mehdi'),
(1041, 'Khosravi', 'Yusef'),
(1042, 'Ghamari', 'Marjan'),
(1043, 'Seyedi', 'Maziar'),
(1044, 'de', 'Philippe'),
(1045, 'Clavier', 'Christian'),
(1046, 'Lauby', 'Chantal'),
(1047, 'Abittan', 'Ary'),
(1048, 'Sadoun', 'Medi'),
(1049, 'Chau', 'Frédéric'),
(1050, 'Diawara', 'Noom'),
(1051, 'Bel', 'Frédérique'),
(1052, 'Caen', 'Émilie'),
(1053, 'Idir', 'Mehdi'),
(1054, 'Corps', 'Grand'),
(1055, 'Hanrot', 'Zita'),
(1056, 'Pierron', 'Liam'),
(1057, 'Guerrab', 'Soufiane'),
(1058, 'Mansaly', 'Moussa'),
(1059, 'Ivanov', 'Alban'),
(1060, 'Reinartz', 'Antoine'),
(1061, 'Bougheraba', 'Redouane'),
(1062, 'Lee', 'Jennifer'),
(1063, 'Buck', 'Chris'),
(1064, 'Bell', 'Kristen'),
(1065, 'Menzel', 'Idina'),
(1066, 'Gad', 'Josh'),
(1067, 'K.', 'Sterling'),
(1068, 'Rachel', 'Evan'),
(1069, 'Diwan', 'Audrey'),
(1070, 'Marmaï', 'Pio'),
(1071, 'Sallette', 'Céline'),
(1072, 'Tual', 'Maxence'),
(1073, 'Donzelli', 'Valérie'),
(1074, 'Franck', 'Carole'),
(1075, 'Winling', 'Jean-Marie'),
(1076, 'Rosa', 'Jeanne'),
(1077, 'Harzoune', 'Nailia'),
(1078, 'Pontecorvo', 'Victor'),
(1079, 'Boden', 'Anna'),
(1080, 'Fleck', 'Ryan'),
(1081, 'Larson', 'Brie'),
(1082, 'Mendelsohn', 'Ben'),
(1083, 'Law', 'Jude'),
(1084, 'Bening', 'Annette'),
(1085, 'Pace', 'Lee'),
(1086, 'Gerwig', 'Greta'),
(1087, 'Ronan', 'Saoirse'),
(1088, 'Watson', 'Emma'),
(1089, 'Dern', 'Laura'),
(1090, 'Streep', 'Meryl'),
(1091, 'Haynes', 'Todd'),
(1092, 'Hathaway', 'Anne'),
(1093, 'Robbins', 'Tim'),
(1094, 'Pullman', 'Bill'),
(1095, 'Garber', 'Victor'),
(1096, 'Winningham', 'Mare'),
(1097, 'Krause', 'Louisa'),
(1098, 'Fletcher', 'Dexter'),
(1099, 'Egerton', 'Taron'),
(1100, 'Bell', 'Jamie'),
(1101, 'Dallas', 'Bryce'),
(1102, 'Jones', 'Gemma'),
(1103, 'Mackintosh', 'Steven'),
(1104, 'Donovan', 'Tate'),
(1105, 'Rowe', 'Charlie'),
(1106, 'Pariser', 'Nicolas'),
(1107, 'Luchini', 'Fabrice'),
(1108, 'Demoustier', 'Anaïs'),
(1109, 'Hamzawi', 'Nora'),
(1110, 'Simaga', 'Léonie'),
(1111, 'Wyler', 'Maud'),
(1112, 'Rénéric', 'Pascal'),
(1113, 'Rortais', 'Thomas'),
(1114, 'Shinkai', 'Makoto'),
(1115, 'Daigo', 'Kotaro'),
(1116, 'Mori', 'Nana'),
(1117, 'Honda', 'Tsubasa'),
(1118, 'Kiryu', 'Sakura'),
(1119, 'Hiraizumi', 'Sei'),
(1120, 'Baisho', 'Chieko'),
(1121, 'Oguri', 'Shun'),
(1122, 'Shimamoto', 'Sumi'),
(1123, 'Ly', 'Ladj'),
(1124, 'Manenti', 'Alexis'),
(1125, 'Zonga', 'Djibril'),
(1126, 'Tientcheu', 'Steve'),
(1127, 'Perica', 'Issa'),
(1128, 'Ly', 'Al-Hassan'),
(1129, 'Kanoute', 'Almamy'),
(1130, 'Ben', 'Nizar'),
(1131, 'Cardozo', 'Hugo'),
(1132, 'Martínez', 'Pablo'),
(1133, 'Ayala', 'Francisco'),
(1134, 'Villalba', 'Willy'),
(1135, 'Jones', 'Andrew'),
(1136, 'Farrin', 'Dennis'),
(1137, 'Nelson', 'Derek'),
(1138, 'Ceri', 'Tiffany'),
(1139, 'Homewood', 'Jason'),
(1140, 'Sims', 'Jennifer'),
(1141, 'Ruben', 'Anna'),
(1142, 'Hayden', 'Erick'),
(1143, 'Kent', 'James'),
(1144, 'Knightley', 'Keira'),
(1145, 'Compston', 'Martin'),
(1146, 'Phillips', 'Kate'),
(1147, 'Thiemann', 'Flora'),
(1148, 'Schümann', 'Jannik'),
(1149, 'O\'Shea', 'Fionn'),
(1150, 'Schimrigk', 'Anna'),
(1151, 'Bane', 'Lee'),
(1152, 'Green', 'Brendee'),
(1153, 'Davies', 'Ciaron'),
(1154, 'Lockhurst', 'Megan'),
(1155, 'John', 'Sarah'),
(1156, 'Glover', 'Vicki'),
(1157, 'Mark', 'Lee'),
(1158, 'Houlihan', 'Matt'),
(1159, 'Gillett', 'Tyler'),
(1160, 'Bettinelli-Olpin', 'Matt'),
(1161, 'Weaving', 'Samara'),
(1162, 'Brody', 'Adam'),
(1163, 'O\'Brien', 'Mark'),
(1164, 'Czerny', 'Henry'),
(1165, 'MacDowell', 'Andie'),
(1166, 'Scrofano', 'Melanie'),
(1167, 'Bruun', 'Kristian'),
(1168, 'Yates', 'David'),
(1169, 'Redmayne', 'Eddie'),
(1170, 'Waterston', 'Katherine'),
(1171, 'Fogler', 'Dan'),
(1172, 'Sudol', 'Alison'),
(1173, 'Depp', 'Johnny'),
(1174, 'Miller', 'Ezra'),
(1175, 'Kravitz', 'Zoë'),
(1176, 'Turner', 'Callum'),
(1177, 'Fleischer', 'Ruben'),
(1178, 'Slate', 'Jenny'),
(1179, 'Walters', 'Melora'),
(1180, 'Rothman', 'Rodney'),
(1181, 'Persichetti', 'Bob'),
(1182, 'Ramsey', 'Peter'),
(1183, 'Moore', 'Shameik'),
(1184, 'Johnson', 'Jake'),
(1185, 'Steinfeld', 'Hailee'),
(1186, 'Ali', 'Mahershala'),
(1187, 'Woodward', 'Cade'),
(1188, 'Russom', 'Leon'),
(1189, 'Pell', 'Rhoda'),
(1190, 'A.', 'J.'),
(1191, 'Spall', 'Rafe'),
(1192, 'Levine', 'Ted'),
(1193, 'Wong', 'BD'),
(1194, 'Goldblum', 'Jeff'),
(1195, 'Pineda', 'Daniella'),
(1196, 'Sheridan', 'Tye'),
(1197, 'J.', 'T.'),
(1198, 'Pegg', 'Simon'),
(1199, 'Rylance', 'Mark'),
(1200, 'Zhao', 'Philip'),
(1201, 'Morisaki', 'Win'),
(1202, 'Shapiro', 'Milly'),
(1203, 'Dowd', 'Ann'),
(1204, 'Byrne', 'Gabriel'),
(1205, 'Bechtel', 'Mallory'),
(1206, 'Chalfant', 'Kathleen'),
(1207, 'Summerhays', 'Christy'),
(1208, 'Lawrence', 'Gareth'),
(1209, 'Rees', 'Harriet'),
(1210, 'O\'Donnell', 'Patrick'),
(1211, 'Singer', 'Bryan'),
(1212, 'Lee', 'Gwilym'),
(1213, 'Hardy', 'Ben'),
(1214, 'Mazzello', 'Joseph'),
(1215, 'Boynton', 'Lucy'),
(1216, 'Gillen', 'Aidan'),
(1217, 'Leech', 'Allen'),
(1218, 'Myers', 'Mike'),
(1219, 'Hervé', 'Julien'),
(1220, 'Mechelen', 'Philippe'),
(1221, 'Bentalha', 'Malik'),
(1222, 'Marchand', 'Guy'),
(1223, 'Berthillot', 'Ludovic'),
(1224, 'Strangel', 'Avant'),
(1225, 'Baroux', 'Enya'),
(1226, 'Delpeyrat', 'Scali'),
(1227, 'Magnan', 'Philippe'),
(1228, 'Maury', 'Nicolas'),
(1229, 'Elliott', 'Sam'),
(1230, 'Dice', 'Andrew'),
(1231, 'Gavron', 'Rafi'),
(1232, 'Ramos', 'Anthony'),
(1233, 'Chappelle', 'Dave'),
(1234, 'Williams', 'Marlon'),
(1235, 'Carlile', 'Brandi'),
(1236, 'Robert', 'David'),
(1237, 'Garfield', 'Andrew'),
(1238, 'Keough', 'Riley'),
(1239, 'Grace', 'Topher'),
(1240, 'Hernandez', 'Callie'),
(1241, 'McManus', 'Don'),
(1242, 'Bobb', 'Jeremy'),
(1243, 'Lindhome', 'Riki'),
(1244, 'Mamet', 'Zosia'),
(1245, 'Fischler', 'Patrick'),
(1246, 'Leitch', 'David'),
(1247, 'Dennison', 'Julian'),
(1248, 'Uggams', 'Leslie'),
(1249, 'Hildebrand', 'Brianna'),
(1250, 'Avery', 'Julius'),
(1251, 'Adepo', 'Jovan'),
(1252, 'Russell', 'Wyatt'),
(1253, 'Asbæk', 'Pilou'),
(1254, 'Ollivier', 'Mathilde'),
(1255, 'De', 'Iain'),
(1256, 'Woodbine', 'Bokeem'),
(1257, 'Applewhite', 'Dominic'),
(1258, 'Anderson', 'Jacob'),
(1259, 'McQuarrie', 'Christopher'),
(1260, 'Cruise', 'Tom'),
(1261, 'Cavill', 'Henry'),
(1262, 'Rhames', 'Ving'),
(1263, 'Harris', 'Sean'),
(1264, 'Bassett', 'Angela'),
(1265, 'Kirby', 'Vanessa'),
(1266, 'Monaghan', 'Michelle'),
(1267, 'Chazelle', 'Damien'),
(1268, 'Gosling', 'Ryan'),
(1269, 'Foy', 'Claire'),
(1270, 'Chandler', 'Kyle'),
(1271, 'Fugit', 'Patrick'),
(1272, 'Abbott', 'Christopher'),
(1273, 'Hinds', 'Ciarán'),
(1274, 'Hamilton', 'Olivia'),
(1275, 'Noé', 'Gaspar'),
(1276, 'Boutella', 'Sofia'),
(1277, 'Guillermic', 'Romain'),
(1278, 'Yacoub', 'Souheila'),
(1279, 'Smile', 'Kiddy'),
(1280, 'Gajan', 'Claude'),
(1281, 'Palmer', 'Giselle'),
(1282, 'Kastle', 'Taylor'),
(1283, 'Carla', 'Thea'),
(1284, 'Temple', 'Sharleen'),
(1285, 'S.', 'Steven'),
(1286, 'Eastwood', 'Scott'),
(1287, 'Spaeny', 'Cailee'),
(1288, 'Tian', 'Jing'),
(1289, 'Kikuchi', 'Rinko'),
(1290, 'Gorman', 'Burn'),
(1291, 'Arjona', 'Adria'),
(1292, 'Jin', 'Zhang'),
(1293, 'Day', 'Charlie'),
(1294, 'M.', 'David'),
(1295, 'James', 'Theo'),
(1296, 'Whitaker', 'Forest'),
(1297, 'Graham', 'Kat'),
(1298, 'Bishé', 'Kerry'),
(1299, 'Dove', 'Grace'),
(1300, 'Ari', 'Nicole'),
(1301, 'Sorel', 'Nancy'),
(1302, 'Rumanoczky', 'Anett'),
(1303, 'Farrelly', 'Peter'),
(1304, 'Mortensen', 'Viggo'),
(1305, 'Cardellini', 'Linda'),
(1306, 'Maniscalco', 'Sebastian'),
(1307, 'D.', 'Dimiter'),
(1308, 'Hatton', 'Mike'),
(1309, 'Byrne', 'P.J.'),
(1310, 'Cortese', 'Joe'),
(1311, 'Nixon', 'Maggie'),
(1312, 'Keyani', 'Armita'),
(1313, 'Azgari', 'Elnaz'),
(1314, 'Ghorbani', 'Ashkan'),
(1315, 'Nagamine', 'Tatsuya'),
(1316, 'Nozawa', 'Masako'),
(1317, 'Hisakawa', 'Aya'),
(1318, 'Horikawa', 'Ryou'),
(1319, 'Furukawa', 'Toshio'),
(1320, 'Kusao', 'Takeshi'),
(1321, 'Nakao', 'Ryusei'),
(1322, 'Yamadera', 'Koichi'),
(1323, 'Morita', 'Masakazu'),
(1324, 'Ootomo', 'Ryuuzaburou'),
(1325, 'Kore-eda', 'Hirokazu'),
(1326, 'Franky', 'Lily'),
(1327, 'Ando', 'Sakura'),
(1328, 'Matsuoka', 'Mayu'),
(1329, 'Jyo', 'Kairi'),
(1330, 'Sasaki', 'Miyu'),
(1331, 'Kiki', 'Kirin'),
(1332, 'Ikematsu', 'Sosuke'),
(1333, 'Ogata', 'Naoto'),
(1334, 'Moriguchi', 'Yoko'),
(1335, 'Branagh', 'Kenneth'),
(1336, 'Dench', 'Judi'),
(1337, 'McKellen', 'Ian'),
(1338, 'Wilder', 'Kathryn'),
(1339, 'Wilson', 'Lydia'),
(1340, 'Fraser', 'Hadley'),
(1341, 'Colgrave', 'Jack'),
(1342, 'Dagleish', 'John'),
(1343, 'Foley', 'Sean'),
(1344, 'McKay', 'Adam'),
(1345, 'Adams', 'Amy'),
(1346, 'Carell', 'Steve'),
(1347, 'LaVie', 'Stefania'),
(1348, 'Bartley', 'Adam'),
(1349, 'Lee', 'Spike'),
(1350, 'David', 'John'),
(1351, 'Harrier', 'Laura'),
(1352, 'Baldwin', 'Alec'),
(1353, 'Pääkkönen', 'Jasper'),
(1354, 'Hawkins', 'Corey'),
(1355, 'Eggold', 'Ryan'),
(1356, 'Corbet', 'Brady'),
(1357, 'Portman', 'Natalie'),
(1358, 'Cassidy', 'Raffey'),
(1359, 'Ehle', 'Jennifer'),
(1360, 'Dizzia', 'Maria'),
(1361, 'Riley', 'Logan'),
(1362, 'Wan', 'James'),
(1363, 'Momoa', 'Jason'),
(1364, 'Heard', 'Amber'),
(1365, 'Wilson', 'Patrick'),
(1366, 'Lundgren', 'Dolph'),
(1367, 'Morrison', 'Temuera'),
(1368, 'Lin', 'Ludi'),
(1369, 'van', 'Felix'),
(1370, 'Tierney', 'Maura'),
(1371, 'Ryan', 'Amy'),
(1372, 'Convery', 'Christian'),
(1373, 'Bull', 'Oakley'),
(1374, 'Dever', 'Kaitlyn'),
(1375, 'Scott', 'Stefanie'),
(1376, 'Works', 'Julian'),
(1377, 'Marshall', 'Rawson'),
(1378, 'Campbell', 'Neve'),
(1379, 'Han', 'Chin'),
(1380, 'Møller', 'Roland'),
(1381, 'Taylor', 'Noah'),
(1382, 'Mann', 'Byron'),
(1383, 'Schreiber', 'Pablo'),
(1384, 'Roberts', 'McKenna'),
(1385, 'Cottrell', 'Noah'),
(1386, 'Akhavan', 'Desiree'),
(1387, 'Grace', 'Chloë'),
(1388, 'Lane', 'Sasha'),
(1389, 'Goodluck', 'Forrest'),
(1390, 'Ireland', 'Marin'),
(1391, 'Butler', 'Kerry'),
(1392, 'Shephard', 'Quinn'),
(1393, 'Perez', 'Rene'),
(1394, 'Bronzi', 'Robert'),
(1395, 'Baldwin', 'Daniel'),
(1396, 'Tyson', 'Richard'),
(1397, 'Hamilton', 'Eva'),
(1398, 'Maya', 'Stormi'),
(1399, 'Angstadt', 'J.D.'),
(1400, 'Carter', 'Zach'),
(1401, 'Clark', 'Anton'),
(1402, 'Perez', 'Leia'),
(1403, 'Möller', 'Gustav'),
(1404, 'Cedergren', 'Jakob'),
(1405, 'Dinnage', 'Jessica'),
(1406, 'Shargawi', 'Omar'),
(1407, 'Olsen', 'Johan'),
(1408, 'Ulrik', 'Jacob'),
(1409, 'Evers-Jahnsen', 'Katinka'),
(1410, 'Lindbæk', 'Jeanette'),
(1411, 'Bennebjerg', 'Simon'),
(1412, 'Bro', 'Laura'),
(1413, 'Gavras', 'Romain'),
(1414, 'Adjani', 'Isabelle'),
(1415, 'Cassel', 'Vincent'),
(1416, 'Amamra', 'Oulaya'),
(1417, 'Damiens', 'François'),
(1418, 'Katerine', 'Philippe'),
(1419, 'Spruell', 'Sam'),
(1420, 'Rose', 'Gabby'),
(1421, 'Khammes', 'Sofian'),
(1422, 'Knight', 'Travis'),
(1423, 'Lendeborg', 'Jorge'),
(1424, 'Ortiz', 'John'),
(1425, 'Ian', 'Jason'),
(1426, 'Adlon', 'Pamela'),
(1427, 'Schneider', 'Stephen'),
(1428, 'Cariou', 'Len'),
(1429, 'Turman', 'Glynn'),
(1430, 'Bier', 'Susanne'),
(1431, 'Bullock', 'Sandra'),
(1432, 'Rhodes', 'Trevante'),
(1433, 'Malkovich', 'John'),
(1434, 'Weaver', 'Jacki'),
(1435, 'Salazar', 'Rosa'),
(1436, 'Macdonald', 'Danielle'),
(1437, 'Neel', 'Prashanth'),
(1438, '', 'Yash'),
(1439, 'Shetty', 'Srinidhi'),
(1440, 'Kumar', 'Achyuth'),
(1441, 'Avinash', 'Malavika'),
(1442, 'Nag', 'Anant'),
(1443, 'N.', 'Vasishta'),
(1444, 'Ashwath', 'Neenasam'),
(1445, 'Jois', 'Archana'),
(1446, 'P.', 'Ayyappa'),
(1447, 'Webb', 'Marc'),
(1448, 'Duncan', 'Lindsay'),
(1449, 'Plummer', 'Glenn'),
(1450, 'Ann', 'Julie'),
(1451, 'Chrest', 'Joe'),
(1452, 'O\'Donnell', 'Keir'),
(1453, 'Keaton', 'Michael'),
(1454, 'Paltrow', 'Gwyneth'),
(1455, 'Glover', 'Donald'),
(1456, 'Ueda', 'Shinichiro'),
(1457, 'Hamatsu', 'Takayuki'),
(1458, 'Akiyama', 'Yuzuki'),
(1459, 'Nagaya', 'Kazuaki'),
(1460, 'Shuhama', 'Harumi'),
(1461, '', 'Mao'),
(1462, 'Ichihara', 'Hiroshi'),
(1463, 'Hosoi', 'Manabu'),
(1464, 'Yamazaki', 'Shuntarô'),
(1465, 'Osawa', 'Shinichiro'),
(1466, 'Ramsay', 'Lynne'),
(1467, 'Roberts', 'Judith'),
(1468, 'Samsonov', 'Ekaterina'),
(1469, 'Doman', 'John'),
(1470, 'Manette', 'Alex'),
(1471, 'Pereira-Olson', 'Dante'),
(1472, 'Nivola', 'Alessandro'),
(1473, 'Canady', 'Larry'),
(1474, 'Damasceno', 'Vinicius'),
(1475, 'Kaluuya', 'Daniel'),
(1476, 'Williams', 'Allison'),
(1477, 'Whitford', 'Bradley'),
(1478, 'Landry', 'Caleb'),
(1479, 'Henderson', 'Marcus'),
(1480, 'Gabriel', 'Betty'),
(1481, 'Root', 'Stephen'),
(1482, 'Nakache', 'Olivier'),
(1483, 'Toledano', 'Éric'),
(1484, 'Bacri', 'Jean-Pierre'),
(1485, 'Haïdara', 'Eye'),
(1486, 'Clément', 'Suzanne'),
(1487, 'Thewlis', 'David'),
(1488, 'Huston', 'Danny'),
(1489, 'Anaya', 'Elena'),
(1490, 'Davis', 'Lucy'),
(1491, 'Ford', 'Harrison'),
(1492, 'Hoeks', 'Sylvia'),
(1493, 'Davis', 'Mackenzie'),
(1494, 'Juri', 'Carla'),
(1495, 'James', 'Lennie'),
(1496, 'Sorkin', 'Aaron'),
(1497, 'Chastain', 'Jessica'),
(1498, 'Costner', 'Kevin'),
(1499, 'Cera', 'Michael'),
(1500, 'O\'Dowd', 'Chris'),
(1501, 'C.', 'J.'),
(1502, 'Bay', 'Michael'),
(1503, 'Wahlberg', 'Mark'),
(1504, 'Duhamel', 'Josh'),
(1505, 'Tucci', 'Stanley'),
(1506, 'Haddock', 'Laura'),
(1507, 'Carmichael', 'Jerrod'),
(1508, 'Merced', 'Isabela'),
(1509, 'Cabrera', 'Santiago'),
(1510, 'Gorne', 'Minti'),
(1511, 'Judor', 'Eric'),
(1512, 'Gardin', 'Blanche'),
(1513, 'Rosich', 'Célia'),
(1514, 'Hajdi', 'Youssef'),
(1515, 'Helmer', 'Marie'),
(1516, 'Nabokov', 'Michel'),
(1517, 'Chust', 'Claire'),
(1518, 'Ruiz', 'Blandine'),
(1519, 'Henriet', 'Arnaud'),
(1520, 'Attal', 'Yvan'),
(1521, 'Auteuil', 'Daniel'),
(1522, 'Jordana', 'Camélia'),
(1523, 'Houicha', 'Yasin'),
(1524, 'Khouadra', 'Nozha'),
(1525, 'Vaude', 'Nicolas'),
(1526, 'Lafarge', 'Jean-Baptiste'),
(1527, 'Leclaire', 'Virgil'),
(1528, 'Benali', 'Zohra'),
(1529, 'Zanoly', 'Damien'),
(1530, 'Gracey', 'Michael'),
(1531, 'Jackman', 'Hugh'),
(1532, 'Settle', 'Keala'),
(1533, 'Liu', 'Natasha'),
(1534, 'Sparks', 'Paul'),
(1535, 'Sie', 'Trish'),
(1536, 'Kendrick', 'Anna'),
(1537, 'Banks', 'Elizabeth'),
(1538, 'Camp', 'Anna'),
(1539, 'Knapp', 'Alexis'),
(1540, 'Rose', 'Ruby'),
(1541, 'Dean', 'Ester'),
(1542, 'Cruz', 'Penélope'),
(1543, 'Bateman', 'Tom'),
(1544, 'Jacobi', 'Derek'),
(1545, 'Odom', 'Leslie'),
(1546, 'Foley', 'James'),
(1547, 'Johnson', 'Dakota'),
(1548, 'Dornan', 'Jamie'),
(1549, 'Johnson', 'Eric'),
(1550, 'Mumford', 'Eloise'),
(1551, 'Heathcote', 'Bella'),
(1552, 'Grimes', 'Luke'),
(1553, 'Rasuk', 'Victor'),
(1554, 'Martini', 'Max'),
(1555, 'Stahelski', 'Chad'),
(1556, '', 'Common'),
(1557, 'McShane', 'Ian'),
(1558, 'Scamarcio', 'Riccardo'),
(1559, 'Nero', 'Franco'),
(1560, 'Leguizamo', 'John'),
(1561, 'Reddick', 'Lance'),
(1562, 'Haaja', 'Jesse'),
(1563, 'Gummerus', 'Kris'),
(1564, 'Rusinen', 'Rami'),
(1565, 'Onnismaa', 'Matti'),
(1566, 'Vivash', 'Johnny'),
(1567, 'Bradey', 'Bianca'),
(1568, 'Shah', 'Sheila'),
(1569, 'Majalahti', 'Michael'),
(1570, 'Tomnikov', 'Alina'),
(1571, 'Kalliala', 'Aake'),
(1572, 'Kechiche', 'Abdellatif'),
(1573, 'Boumedine', 'Shaïn'),
(1574, 'Bau', 'Ophélie'),
(1575, 'Kechiouche', 'Salim'),
(1576, 'Luttiau', 'Lou'),
(1577, 'Herzi', 'Hafsia'),
(1578, 'Saadi', 'Kamel'),
(1579, 'Karaoui', 'Hatika'),
(1580, 'Kolokolchykova', 'Karina'),
(1581, 'McDonagh', 'Martin'),
(1582, 'Hedges', 'Lucas'),
(1583, 'Cornish', 'Abbie'),
(1584, 'Dinklage', 'Peter'),
(1585, 'Hawkes', 'John'),
(1586, 'Muschietti', 'Andy'),
(1587, 'Ray', 'Jeremy'),
(1588, 'Lillis', 'Sophia'),
(1589, 'Jacobs', 'Chosen'),
(1590, 'Dylan', 'Jack'),
(1591, 'Oleff', 'Wyatt'),
(1592, 'Skarsgård', 'Bill'),
(1593, 'Hamilton', 'Nicholas'),
(1594, 'Antoine', 'Sébastien'),
(1595, 'Floris', 'Vivien'),
(1596, 'Fassbender', 'Michael'),
(1597, 'Crudup', 'Billy'),
(1598, 'McBride', 'Danny'),
(1599, 'Bichir', 'Demián'),
(1600, 'Ejogo', 'Carmen'),
(1601, 'Smollett', 'Jussie'),
(1602, 'Guadagnino', 'Luca'),
(1603, 'Hammer', 'Armie'),
(1604, 'Stuhlbarg', 'Michael'),
(1605, 'Casar', 'Amira'),
(1606, 'Garrel', 'Esther'),
(1607, 'Du', 'Victoire'),
(1608, 'Capriolo', 'Vanda'),
(1609, 'Rimoldi', 'Antonio'),
(1610, 'Bucci', 'Elena'),
(1611, 'Sandberg', 'Espen'),
(1612, 'Rønning', 'Joachim'),
(1613, 'Bardem', 'Javier'),
(1614, 'Rush', 'Geoffrey'),
(1615, 'Thwaites', 'Brenton'),
(1616, 'Scodelario', 'Kaya'),
(1617, 'McNally', 'Kevin'),
(1618, 'Farahani', 'Golshifteh'),
(1619, 'Kasdan', 'Jake'),
(1620, 'Black', 'Jack'),
(1621, 'Hart', 'Kevin'),
(1622, 'Gillan', 'Karen'),
(1623, 'Jonas', 'Nick'),
(1624, 'Cannavale', 'Bobby'),
(1625, 'Iseman', 'Madison'),
(1626, 'Turner', 'Morgan'),
(1627, 'Kattan', 'Chris'),
(1628, 'Kennedy', 'Jamie'),
(1629, 'Hardrict', 'Cory'),
(1630, 'Rockwell', 'Sonia'),
(1631, 'Guzman', 'Jack'),
(1632, 'George', 'Eddie'),
(1633, 'Lerner', 'Sam'),
(1634, 'Post', 'Mikey'),
(1635, 'Klapisch', 'Cédric'),
(1636, 'Girardot', 'Ana'),
(1637, 'Roulot', 'Jean-Marc'),
(1638, 'Valverde', 'María'),
(1639, 'Touré', 'Karidja'),
(1640, 'Couture', 'Yamée'),
(1641, 'Pernel', 'Florence'),
(1642, 'Gray', 'James'),
(1643, 'Miller', 'Sienna'),
(1644, 'Macfadyen', 'Angus'),
(1645, 'Ashley', 'Edward'),
(1646, 'Francis', 'Clive'),
(1647, 'McDiarmid', 'Ian'),
(1648, 'Israelite', 'Dean'),
(1649, 'Montgomery', 'Dacre'),
(1650, 'Scott', 'Naomi'),
(1651, 'Cyler', 'RJ'),
(1652, 'G', 'Becky'),
(1653, 'Hader', 'Bill'),
(1654, 'Cranston', 'Bryan'),
(1655, 'Denman', 'David'),
(1656, 'Wirkola', 'Tommy'),
(1657, 'Rapace', 'Noomi'),
(1658, 'Kenzari', 'Marwan'),
(1659, 'Rubeck', 'Christian'),
(1660, 'Close', 'Glenn'),
(1661, 'Read', 'Clara'),
(1662, 'Sverre', 'Pål'),
(1663, 'Edun', 'Tomiwa'),
(1664, 'Clare', 'Cassie'),
(1665, 'Gary', 'F.'),
(1666, 'Diesel', 'Vin'),
(1667, 'Statham', 'Jason'),
(1668, 'Rodriguez', 'Michelle'),
(1669, 'Gibson', 'Tyrese'),
(1670, '', 'Ludacris'),
(1671, 'Theron', 'Charlize'),
(1672, 'Russell', 'Kurt'),
(1673, 'Emmanuel', 'Nathalie'),
(1674, 'Day-Lewis', 'Daniel'),
(1675, 'Manville', 'Lesley'),
(1676, 'Rutherford', 'Camilla'),
(1677, 'Gleeson', 'Brian'),
(1678, 'Sansom', 'Harriet'),
(1679, 'Richter', 'Lujza'),
(1680, 'Davis', 'Julia'),
(1681, 'Megerdichev', 'Anton'),
(1682, 'Mashkov', 'Vladimir'),
(1683, 'Kolesnikov', 'Ivan'),
(1684, 'Tolstoganova', 'Viktoriya'),
(1685, 'Basharov', 'Marat'),
(1686, 'Smolyakov', 'Andrey'),
(1687, 'Garmash', 'Sergey'),
(1688, 'Savage', 'John'),
(1689, 'Paulavi?ius', 'Andrius'),
(1690, 'Revenko', 'Aleksandra'),
(1691, 'Campbell', 'Martin'),
(1692, 'Brosnan', 'Pierce'),
(1693, 'Chan', 'Jackie'),
(1694, 'Fleck-Byrne', 'Rory'),
(1695, 'Fearon', 'Ray'),
(1696, 'Murphy', 'Charlie'),
(1697, 'Brady', 'Orla'),
(1698, 'McElhatton', 'Michael'),
(1699, 'Williams', 'Lia'),
(1700, 'Crowley', 'Dermot'),
(1701, 'Boyle', 'Danny'),
(1702, 'Lee', 'Jonny'),
(1703, 'Carlyle', 'Robert'),
(1704, 'Nedyalkova', 'Anjela'),
(1705, 'Henderson', 'Shirley'),
(1706, 'Welsh', 'Irvine'),
(1707, 'Cosmo', 'James'),
(1708, 'Bourque', 'Jason'),
(1709, 'Bean', 'Sean'),
(1710, 'McCormack', 'Mary'),
(1711, 'David', 'Joel'),
(1712, 'Sabongui', 'Patrick'),
(1713, 'Taylor', 'Sharon'),
(1714, 'Morrow', 'Kirby'),
(1715, 'Stryker', 'Bradley'),
(1716, 'O\'Grady', 'Kevin'),
(1717, 'Emmet', 'John'),
(1718, 'Moore', 'Julianne'),
(1719, 'Berry', 'Halle'),
(1720, 'Holcroft', 'Edward'),
(1721, 'Alström', 'Hanna'),
(1722, 'Watson', 'Emily'),
(1723, 'Beauvois', 'Xavier'),
(1724, 'Baye', 'Nathalie'),
(1725, 'Smet', 'Laura'),
(1726, 'Bry', 'Iris'),
(1727, 'Descours', 'Cyril'),
(1728, 'Bonneau', 'Gilbert'),
(1729, 'Giraud', 'Nicolas'),
(1730, 'Viseux', 'Mathilde'),
(1731, 'Maly', 'Xavier'),
(1732, 'Voight', 'Jon'),
(1733, 'Perlman', 'Ron'),
(1734, 'Derrickson', 'Scott'),
(1735, 'McAdams', 'Rachel'),
(1736, 'Swinton', 'Tilda'),
(1737, 'Bratt', 'Benjamin'),
(1738, 'Adkins', 'Scott'),
(1739, 'Davis', 'Garth'),
(1740, 'Patel', 'Dev'),
(1741, 'Mara', 'Rooney'),
(1742, 'Wenham', 'David'),
(1743, 'Bharate', 'Abhishek'),
(1744, 'Ladwa', 'Divian'),
(1745, 'Bose', 'Priyanka'),
(1746, 'Naval', 'Deepti'),
(1747, 'Chatterjee', 'Tannishtha'),
(1748, 'Legend', 'John'),
(1749, 'DeWitt', 'Rosemarie'),
(1750, 'Simmons', 'J.K.'),
(1751, 'Conn', 'Amiée'),
(1752, 'Walters', 'Terry'),
(1753, 'Shelton', 'Thom'),
(1754, 'Adams', 'Cinda'),
(1755, 'McAvoy', 'James'),
(1756, 'Buckley', 'Betty'),
(1757, 'Lu', 'Haley'),
(1758, 'Sula', 'Jessica'),
(1759, 'William', 'Brad'),
(1760, 'Arcelus', 'Sebastian'),
(1761, 'Huff', 'Neal'),
(1762, 'Director', 'Kim'),
(1763, 'Worthington', 'Sam'),
(1764, 'Vaughn', 'Vince'),
(1765, 'Palmer', 'Teresa'),
(1766, 'Bracey', 'Luke'),
(1767, 'Weaving', 'Hugo'),
(1768, 'Corr', 'Ryan'),
(1769, 'Griffiths', 'Rachel'),
(1770, 'Roxburgh', 'Richard'),
(1771, 'Miller', 'Tim'),
(1772, 'Skrein', 'Ed'),
(1773, 'Carano', 'Gina'),
(1774, 'Rees', 'Jed'),
(1775, 'Jennings', 'Garth'),
(1776, 'Witherspoon', 'Reese'),
(1777, 'MacFarlane', 'Seth'),
(1778, 'C.', 'John'),
(1779, 'Kelly', 'Tori'),
(1780, 'Saunders', 'Jennifer'),
(1781, 'Hong-jin', 'Na'),
(1782, 'Do-won', 'Kwak'),
(1783, 'Jung-min', 'Hwang'),
(1784, 'Woo-hee', 'Chun'),
(1785, 'Kunimura', 'Jun'),
(1786, 'Hwan-hee', 'Kim'),
(1787, 'Heo', 'Jin'),
(1788, 'So-yeon', 'Jang'),
(1789, 'Do-yoon', 'Kim'),
(1790, 'Han-chul', 'Jo'),
(1791, 'Stone', 'Oliver'),
(1792, 'Gordon-Levitt', 'Joseph'),
(1793, 'Woodley', 'Shailene'),
(1794, 'Leo', 'Melissa'),
(1795, 'Quinto', 'Zachary'),
(1796, 'Wilkinson', 'Tom'),
(1797, 'Schnetzer', 'Ben'),
(1798, 'Melfi', 'Theodore'),
(1799, 'Monáe', 'Janelle'),
(1800, 'Parsons', 'Jim'),
(1801, 'Powell', 'Glen'),
(1802, 'Neal', 'Ariana'),
(1803, 'Chan-wook', 'Park'),
(1804, 'Min-hee', 'Kim'),
(1805, 'Tae-ri', 'Kim'),
(1806, 'Jung-woo', 'Ha'),
(1807, 'Jin-woong', 'Cho'),
(1808, 'Hae-sook', 'Kim'),
(1809, 'So-ri', 'Moon'),
(1810, 'Yong-nyeo', 'Lee'),
(1811, 'Dong-hwi', 'Lee'),
(1812, 'Eun-hyung', 'Jo'),
(1813, 'Joost', 'Henry'),
(1814, 'Schulman', 'Ariel'),
(1815, 'Roberts', 'Emma'),
(1816, 'Franco', 'Dave'),
(1817, 'Meade', 'Emily'),
(1818, 'Heizer', 'Miles'),
(1819, 'Lewis', 'Juliette'),
(1820, 'Glenn', 'Kimiko'),
(1821, 'Gun', 'Machine'),
(1822, 'de', 'Christian'),
(1823, 'Amoussou', 'Ralph'),
(1824, 'Barthélemy', 'Maurice'),
(1825, 'Gotesman', 'Igor'),
(1826, 'Bancilhon', 'Margot'),
(1827, 'Hanrot', 'Idrissa'),
(1828, 'Demolon', 'Pascal'),
(1829, 'Moretti', 'Michèle'),
(1830, 'Duclos', 'Philippe'),
(1831, 'Ma', 'Tzi'),
(1832, 'Scarlett', 'Julia'),
(1833, 'Pniowsky', 'Abigail'),
(1834, 'Malone', 'Jadyn'),
(1835, 'M.', 'Jeremy'),
(1836, 'Rey', 'Johnny'),
(1837, 'Licciardi', 'Christina'),
(1838, 'Sawyer', 'Lindsay'),
(1839, 'A', 'Talia'),
(1840, 'Ireland', 'Trae'),
(1841, 'Reyes', 'Isaac'),
(1842, 'Rene', 'Fiona'),
(1843, 'Principe', 'Nick'),
(1844, 'Michael', 'Joseph'),
(1845, 'Scheinert', 'Daniel'),
(1846, 'Kwan', 'Daniel'),
(1847, 'Dano', 'Paul'),
(1848, 'Radcliffe', 'Daniel'),
(1849, 'Ribero', 'Antonia'),
(1850, 'Eulich', 'Timothy'),
(1851, 'Gross', 'Richard'),
(1852, 'Casteel', 'Marika'),
(1853, 'Farmiga', 'Vera'),
(1854, 'Wolfe', 'Madison'),
(1855, 'O\'Connor', 'Frances'),
(1856, 'McBurney', 'Simon'),
(1857, 'Jerins', 'Sterling'),
(1858, 'Esposito', 'Lauren'),
(1859, 'Doyle', 'Maria'),
(1860, 'Haigh', 'Benjamin'),
(1861, 'Sang-ho', 'Yeon'),
(1862, 'Yoo', 'Gong'),
(1863, 'Yu-mi', 'Jung'),
(1864, 'So-hee', 'An'),
(1865, 'Su-an', 'Kim'),
(1866, 'Eui-sung', 'Kim'),
(1867, 'Soo-jung', 'Ye'),
(1868, 'Myung-shin', 'Park'),
(1869, 'Ross', 'Matt'),
(1870, 'Isler', 'Samantha'),
(1871, 'Basso', 'Annalise'),
(1872, 'Zahn', 'Steve'),
(1873, 'Crooks', 'Shree'),
(1874, 'Shotwell', 'Charlie'),
(1875, 'Miller', 'Trin'),
(1876, 'Lee', 'John'),
(1877, 'Offerman', 'Nick'),
(1878, 'Carroll', 'John'),
(1879, 'Novak', 'B.J.'),
(1880, 'Randell', 'Justin'),
(1881, 'Kneeland', 'Kate'),
(1882, 'Rumpf', 'Ella'),
(1883, 'Nait', 'Rabah'),
(1884, 'Lucas', 'Laurent'),
(1885, 'Preiss', 'Joana'),
(1886, 'Lanners', 'Bouli'),
(1887, 'Vernoux', 'Marion'),
(1888, 'Mustin', 'Thomas'),
(1889, 'Iddoub', 'Marouan'),
(1890, 'Snyder', 'Zack'),
(1891, 'Eisenberg', 'Jesse'),
(1892, 'Lane', 'Diane'),
(1893, 'Hunter', 'Holly'),
(1894, 'Simons', 'Timothy'),
(1895, 'Landes', 'Michael'),
(1896, 'Keach', 'Stacy'),
(1897, 'Taylor', 'Rachael'),
(1898, 'Greenwood', 'Bruce'),
(1899, 'T.', 'Craig'),
(1900, 'Atkins', 'Mark'),
(1901, 'Auret', 'Brandon'),
(1902, 'Beran', 'Stephanie'),
(1903, 'Sullivan', 'Lindsay'),
(1904, 'Joseph', 'Lauren'),
(1905, 'Barnett', 'Dan'),
(1906, 'Visser', 'Christia'),
(1907, 'B.', 'John'),
(1908, 'Anlos', 'Alex'),
(1909, 'Teodora', 'Angie'),
(1910, 'Ulliel', 'Gaspard'),
(1911, 'Cotillard', 'Marion'),
(1912, 'Desrochers', 'Antoine'),
(1913, 'Boyce', 'William'),
(1914, 'Samar', 'Sasha'),
(1915, 'Couillard', 'Arthur'),
(1916, 'C.', 'Steven'),
(1917, 'Meloni', 'Christopher'),
(1918, 'A.', 'Danny'),
(1919, 'Hull', 'Lydia'),
(1920, 'Jon', 'Tyler'),
(1921, 'Rob', 'Christopher'),
(1922, 'Schaech', 'Johnathon'),
(1923, 'Grenier', 'Adrian'),
(1924, 'Trachtenberg', 'Dan'),
(1925, 'Goodman', 'John'),
(1926, 'M.', 'Douglas'),
(1927, 'Cryer', 'Suzanne'),
(1928, 'Montano', 'Sumalee'),
(1929, 'Mottek', 'Frank'),
(1930, 'Clay', 'Jamie'),
(1931, 'Seong-hun', 'Kim'),
(1932, 'Doo-na', 'Bae'),
(1933, 'Dal-su', 'Oh'),
(1934, 'Jung-geun', 'Shin'),
(1935, 'Ji-hyun', 'Nam'),
(1936, 'Jeong', 'Seok-yong'),
(1937, 'Han-seo', 'Lee'),
(1938, 'Seung-mok', 'Yoo'),
(1939, 'Kurzel', 'Justin'),
(1940, 'Gleeson', 'Brendan'),
(1941, 'Rampling', 'Charlotte'),
(1942, 'Kenneth', 'Michael'),
(1943, 'Labed', 'Ariane'),
(1944, 'Sobol', 'James'),
(1945, 'Ménochet', 'Denis'),
(1946, 'Hudson', 'Hugh'),
(1947, 'Everett', 'Rupert'),
(1948, 'Goodman', 'Henry'),
(1949, 'Ulloa', 'Tristán'),
(1950, 'Escolar', 'Irene'),
(1951, 'Allen', 'Allegra'),
(1952, 'Emmerich', 'Roland'),
(1953, 'Hemsworth', 'Liam'),
(1954, 'T.', 'Jessie'),
(1955, 'Monroe', 'Maika'),
(1956, 'Ward', 'Sela'),
(1957, 'Hirsch', 'Judd'),
(1958, 'Fichtner', 'William'),
(1959, 'Spiner', 'Brent'),
(1960, 'Ayer', 'David'),
(1961, 'Courtney', 'Jai'),
(1962, 'Hernandez', 'Jay'),
(1963, 'Akinnuoye-Agbaje', 'Adewale'),
(1964, 'Delevingne', 'Cara'),
(1965, 'Yamada', 'Naoko'),
(1966, 'Irino', 'Miyu'),
(1967, 'Yuki', 'Aoi'),
(1968, 'Ono', 'Kensho'),
(1969, 'Kaneko', 'Yuki'),
(1970, 'Ishikawa', 'Yui'),
(1971, 'Han', 'Megumi'),
(1972, 'Toyonaga', 'Toshiyuki'),
(1973, 'Barré', 'Jonathan'),
(1974, 'Farcy', 'Bernard');
INSERT INTO `Personne` (`id_personne`, `nom`, `prenom`) VALUES
(1975, 'Pinon', 'Dominique'),
(1976, 'Pestel', 'Julien'),
(1977, 'Vial', 'Alice'),
(1978, 'Lambert', 'Christopher'),
(1979, 'M.', 'Jon'),
(1980, 'Freeman', 'Morgan'),
(1981, 'Caplan', 'Lizzy'),
(1982, 'Caine', 'Michael'),
(1983, 'Chou', 'Jay'),
(1984, 'Benamou', 'Nicolas'),
(1985, 'Vigneaux', 'Caroline'),
(1986, 'Gabris', 'Charlotte'),
(1987, 'Desagnat', 'Vincent'),
(1988, 'Callies', 'Josephine'),
(1989, 'Lecaille', 'Stylane'),
(1990, 'Commandeur', 'Jérôme'),
(1991, 'Donnadieu', 'Ingrid'),
(1992, 'Ineson', 'Ralph'),
(1993, 'Dickie', 'Kate'),
(1994, 'Scrimshaw', 'Harvey'),
(1995, 'Grainger', 'Ellie'),
(1996, 'Dawson', 'Lucas'),
(1997, 'Garnett', 'Bathsheba'),
(1998, 'Stephens', 'Sarah'),
(1999, 'Richings', 'Julian'),
(2000, 'Trevorrow', 'Colin'),
(2001, 'Simpkins', 'Ty'),
(2002, 'Robinson', 'Nick'),
(2003, 'D\'Onofrio', 'Vincent'),
(2004, 'Khan', 'Irrfan'),
(2005, 'Espinosa', 'Daniel'),
(2006, 'Oldman', 'Gary'),
(2007, 'Considine', 'Paddy'),
(2008, 'Lewis', 'Mark'),
(2009, 'Richet', 'Jean-François'),
(2010, 'Cluzet', 'François'),
(2011, 'Isaaz', 'Alice'),
(2012, 'Le', 'Lola'),
(2013, 'Nahon', 'Philippe'),
(2014, 'Hesme', 'Annelise'),
(2015, 'Meliava', 'Louka'),
(2016, 'Merlant', 'Noémie'),
(2017, 'Apelbaum', 'Romain'),
(2018, 'Linklater', 'Hamish'),
(2019, 'Cookson', 'Sophie'),
(2020, 'Womack', 'Samantha'),
(2021, 'Garland', 'Alex'),
(2022, 'Vikander', 'Alicia'),
(2023, 'Mizuno', 'Sonoya'),
(2024, 'Selby', 'Claire'),
(2025, 'A.', 'Symara'),
(2026, 'Bayarsaikhan', 'Gana'),
(2027, 'Pisani', 'Tiffany'),
(2028, 'Jason', 'Jennifer'),
(2029, 'Goggins', 'Walton'),
(2030, 'Roth', 'Tim'),
(2031, 'Madsen', 'Michael'),
(2032, 'Dern', 'Bruce'),
(2033, 'Parks', 'James'),
(2034, 'Roth', 'Eli'),
(2035, 'Izzo', 'Lorenza'),
(2036, 'Burns', 'Aaron'),
(2037, 'Camp', 'Colleen'),
(2038, 'Allamand', 'Ignacia'),
(2039, 'Quercia', 'Antonio'),
(2040, 'Baily', 'Dan'),
(2041, 'Baily', 'Megan'),
(2042, 'Toland', 'Lee'),
(2043, 'Lively', 'Blake'),
(2044, 'Huisman', 'Michiel'),
(2045, 'Burstyn', 'Ellen'),
(2046, 'Baker', 'Kathy'),
(2047, 'Crew', 'Amanda'),
(2048, 'Boyd', 'Lynda'),
(2049, 'Harmon', 'Richard'),
(2050, 'Cecere', 'Fulvio'),
(2051, 'Alda', 'Alan'),
(2052, 'Koch', 'Sebastian'),
(2053, 'Magnussen', 'Billy'),
(2054, 'Simon', 'Michael'),
(2055, 'James', 'Edward'),
(2056, 'Daniels', 'Jeff'),
(2057, 'Peña', 'Michael'),
(2058, 'Mara', 'Kate'),
(2059, 'Miller', 'George'),
(2060, 'Hoult', 'Nicholas'),
(2061, 'Keays-Byrne', 'Hugh'),
(2062, 'Helman', 'Josh'),
(2063, 'Jones', 'Nathan'),
(2064, 'Huntington-Whiteley', 'Rosie'),
(2065, 'Waltz', 'Christoph'),
(2066, 'Bellucci', 'Monica'),
(2067, 'del', 'Benicio'),
(2068, 'Donovan', 'Jeffrey'),
(2069, 'Max', 'Raoul'),
(2070, 'Cedillo', 'Julio'),
(2071, 'Garelick', 'Jeremy'),
(2072, 'Cuoco', 'Kaley'),
(2073, 'Crockett', 'Affion'),
(2074, 'Thirlby', 'Olivia'),
(2075, 'Garcia', 'Jorge'),
(2076, 'Whelan', 'Nicky'),
(2077, 'Gill', 'Dan'),
(2078, 'Holcomb', 'Corey'),
(2079, 'Muyock', 'Aomi'),
(2080, 'Kristin', 'Klara'),
(2081, 'Fox', 'Ugo'),
(2082, 'Saavedra', 'Juan'),
(2083, 'Nicou', 'Isabelle'),
(2084, 'Debie', 'Benoît'),
(2085, 'Maraval', 'Vincent'),
(2086, 'Gilchrist', 'Keir'),
(2087, 'Zovatto', 'Daniel'),
(2088, 'Weary', 'Jake'),
(2089, 'Luccardi', 'Olivia'),
(2090, 'Sepe', 'Lili'),
(2091, 'Spry', 'Bailey'),
(2092, 'Phillips', 'Carollette'),
(2093, 'Bass', 'Loren'),
(2094, 'Abrahamson', 'Lenny'),
(2095, 'Tremblay', 'Jacob'),
(2096, 'Allen', 'Joan'),
(2097, 'H.', 'William'),
(2098, 'Bridgers', 'Sean'),
(2099, 'McCamus', 'Tom'),
(2100, 'Brugel', 'Amanda'),
(2101, 'Pingue', 'Joe'),
(2102, 'Anvar', 'Cas'),
(2103, 'McCarthy', 'Tom'),
(2104, 'Schreiber', 'Liev'),
(2105, 'Slattery', 'John'),
(2106, 'Amoroso', 'Gene'),
(2107, '', 'Kheiron'),
(2108, 'Bekhti', 'Leïla'),
(2109, 'Darmon', 'Gérard'),
(2110, 'Breitman', 'Zabou'),
(2111, 'Astier', 'Alexandre'),
(2112, 'Mosca', 'Arsène'),
(2113, 'Cohen', 'Jonathan'),
(2114, 'Helgeland', 'Brian'),
(2115, 'Browning', 'Emily'),
(2116, 'Eccleston', 'Christopher'),
(2117, 'Palminteri', 'Chazz'),
(2118, 'Morgan', 'Colin'),
(2119, 'Bettany', 'Paul'),
(2120, 'Fitzgerald', 'Tara'),
(2121, 'Showalter', 'Michael'),
(2122, 'Field', 'Sally'),
(2123, 'Greenfield', 'Max'),
(2124, 'Behrs', 'Beth'),
(2125, 'Lyonne', 'Natasha'),
(2126, 'McLendon-Covey', 'Wendi'),
(2127, 'Sommer', 'Rich'),
(2128, 'Gallagher', 'Peter'),
(2129, 'González', 'Alejandro'),
(2130, 'Howard', 'Duane'),
(2131, 'RedCloud', 'Arthur'),
(2132, 'Nakehk\'o', 'Melaw'),
(2133, 'Lawrence', 'Francis'),
(2134, 'Lawrence', 'Jennifer'),
(2135, 'Hutcherson', 'Josh'),
(2136, 'Seymour', 'Philip'),
(2137, '', 'Orelsan'),
(2138, '', 'Gringe'),
(2139, 'Doucouré', 'Seydou'),
(2140, 'Urbiztondo', 'Claude'),
(2141, 'Minthe', 'Paul'),
(2142, 'de', 'Sophie'),
(2143, '', 'Ablaye'),
(2144, '', 'Skread'),
(2145, 'Astor', 'Chloé'),
(2146, 'Downes', 'Steve'),
(2147, 'Willingham', 'Travis'),
(2148, 'Baron', 'Britt'),
(2149, 'Jensen', 'Cole'),
(2150, 'McGuigan', 'Paul'),
(2151, 'Brown', 'Jessica'),
(2152, 'Fox', 'Freddie'),
(2153, 'Webb', 'Bronson'),
(2154, 'Niccol', 'Andrew'),
(2155, 'Jones', 'January'),
(2156, 'Abel', 'Jake'),
(2157, 'Sisneros', 'Alma'),
(2158, 'Rakes', 'Kristen'),
(2159, 'Kenin', 'Dylan'),
(2160, 'Sheets', 'Michael'),
(2161, 'Cohen', 'Rob'),
(2162, 'Lopez', 'Jennifer'),
(2163, 'Guzman', 'Ryan'),
(2164, 'Nelson', 'Ian'),
(2165, 'Corbett', 'John'),
(2166, 'Chenoweth', 'Kristin'),
(2167, 'Harper', 'Hill'),
(2168, 'Atkins', 'Lexi'),
(2169, 'Chau', 'François'),
(2170, 'Chase', 'Bailey'),
(2171, 'R.', 'John'),
(2172, 'LeStrat', 'Monèle'),
(2173, 'Baker', 'Linden'),
(2174, 'Benoit', 'Kennie'),
(2175, 'Anne', 'Hollie'),
(2176, 'Kwok', 'Eva'),
(2177, 'Russell', 'Logan'),
(2178, 'Martin', 'Gary'),
(2179, 'Schipper', 'Sebastian'),
(2180, 'Costa', 'Laia'),
(2181, 'Lau', 'Frederick'),
(2182, 'Rogowski', 'Franz'),
(2183, 'Yi?it', 'Burak'),
(2184, 'Mauff', 'Max'),
(2185, 'Hennicke', 'André'),
(2186, 'Frederik', 'Eike'),
(2187, 'Klenke', 'Lena'),
(2188, 'Kubitza', 'Philipp'),
(2189, 'Cavalli', 'Valéria'),
(2190, 'Vinçon', 'Thibault'),
(2191, 'Barbé', 'Marc'),
(2192, 'Mijovic', 'Sacha'),
(2193, 'Savin', 'Eric'),
(2194, 'Antoni', 'Luc'),
(2195, 'Wells', 'John'),
(2196, 'Keeley', 'Sam'),
(2197, 'Rhys', 'Matthew'),
(2198, 'James', 'Lily'),
(2199, 'Taylor-Johnson', 'Sam'),
(2200, 'Gay', 'Marcia'),
(2201, 'Mann', 'Michael'),
(2202, 'Wang', 'Leehom'),
(2203, 'Wei', 'Tang'),
(2204, 'McCallany', 'Holt'),
(2205, 'On', 'Andy'),
(2206, 'Coster', 'Ritchie'),
(2207, 'Borle', 'Christian'),
(2208, '', 'Maïwenn'),
(2209, 'Bercot', 'Emmanuelle'),
(2210, 'Garrel', 'Louis'),
(2211, 'Le', 'Isild'),
(2212, 'Saint-Louis', 'Chrystèle'),
(2213, 'Raynal', 'Patrick'),
(2214, 'Hamy', 'Paul'),
(2215, 'Goven', 'Yann'),
(2216, 'Banier', 'François-Marie'),
(2217, 'Frances', 'Suzie'),
(2218, 'Allen', 'Flynn'),
(2219, 'Haley', 'Judith'),
(2220, 'Casados', 'Cyd'),
(2221, 'Hutchison', 'Samuel'),
(2222, 'Michaels', 'Ryan');

-- --------------------------------------------------------

--
-- Structure de la table `realise`
--

CREATE TABLE `realise` (
  `id_film` int(10) NOT NULL,
  `id_personne` int(10) NOT NULL
) ENGINE=InnoDB DEFAULT CHARSET=latin1;

--
-- Déchargement des données de la table `realise`
--

INSERT INTO `realise` (`id_film`, `id_personne`) VALUES
(1, 1),
(71, 2),
(2, 11),
(106, 20),
(253, 20),
(3, 21),
(4, 31),
(5, 41),
(6, 50),
(7, 56),
(69, 56),
(8, 65),
(28, 74),
(9, 75),
(10, 85),
(11, 95),
(12, 104),
(13, 114),
(14, 124),
(16, 134),
(17, 144),
(18, 154),
(19, 164),
(20, 174),
(21, 184),
(99, 193),
(176, 193),
(22, 194),
(104, 198),
(23, 203),
(182, 212),
(229, 212),
(267, 212),
(24, 213),
(25, 222),
(26, 231),
(73, 240),
(27, 241),
(29, 258),
(285, 267),
(30, 268),
(31, 278),
(212, 286),
(258, 286),
(32, 287),
(33, 297),
(147, 306),
(227, 306),
(34, 307),
(218, 315),
(35, 316),
(36, 326),
(37, 335),
(38, 345),
(219, 346),
(39, 355),
(139, 364),
(40, 365),
(41, 373),
(114, 381),
(42, 382),
(43, 392),
(44, 402),
(45, 412),
(46, 421),
(47, 429),
(51, 438),
(197, 438),
(264, 438),
(48, 439),
(49, 449),
(241, 452),
(50, 458),
(52, 474),
(142, 482),
(263, 482),
(53, 483),
(54, 493),
(55, 503),
(207, 512),
(56, 513),
(148, 517),
(57, 523),
(58, 531),
(237, 537),
(59, 538),
(60, 548),
(61, 558),
(62, 566),
(63, 576),
(64, 585),
(65, 595),
(66, 605),
(67, 615),
(68, 623),
(70, 626),
(72, 643),
(74, 661),
(181, 669),
(75, 670),
(76, 678),
(77, 687),
(78, 694),
(79, 703),
(80, 712),
(81, 717),
(82, 727),
(83, 735),
(84, 745),
(85, 755),
(86, 765),
(87, 774),
(239, 783),
(88, 784),
(89, 790),
(90, 800),
(91, 808),
(92, 818),
(93, 822),
(94, 832),
(95, 842),
(96, 850),
(97, 859),
(98, 868),
(141, 881),
(100, 882),
(101, 888),
(143, 896),
(102, 897),
(103, 906),
(105, 924),
(107, 942),
(108, 951),
(266, 957),
(109, 958),
(110, 964),
(111, 971),
(112, 977),
(113, 985),
(260, 999),
(115, 1000),
(116, 1009),
(179, 1018),
(117, 1019),
(118, 1026),
(119, 1034),
(120, 1044),
(121, 1053),
(122, 1062),
(123, 1069),
(124, 1079),
(125, 1086),
(126, 1091),
(127, 1098),
(128, 1106),
(129, 1114),
(130, 1123),
(131, 1131),
(134, 1134),
(144, 1134),
(290, 1134),
(132, 1135),
(133, 1143),
(135, 1159),
(214, 1167),
(136, 1168),
(137, 1177),
(138, 1180),
(140, 1190),
(145, 1211),
(146, 1219),
(270, 1235),
(149, 1236),
(150, 1246),
(151, 1250),
(152, 1259),
(217, 1266),
(153, 1267),
(269, 1274),
(154, 1275),
(155, 1285),
(201, 1285),
(156, 1294),
(157, 1303),
(158, 1312),
(159, 1315),
(160, 1325),
(189, 1334),
(161, 1335),
(257, 1343),
(162, 1344),
(163, 1349),
(164, 1356),
(233, 1361),
(165, 1362),
(166, 1369),
(167, 1377),
(168, 1386),
(169, 1393),
(170, 1403),
(171, 1413),
(172, 1422),
(173, 1430),
(174, 1437),
(175, 1447),
(177, 1456),
(178, 1466),
(180, 1482),
(183, 1496),
(184, 1502),
(185, 1511),
(186, 1520),
(187, 1530),
(188, 1535),
(190, 1546),
(191, 1555),
(192, 1562),
(193, 1572),
(194, 1581),
(195, 1586),
(196, 1594),
(198, 1602),
(199, 1611),
(200, 1619),
(202, 1635),
(203, 1642),
(204, 1648),
(205, 1656),
(206, 1665),
(208, 1681),
(209, 1691),
(210, 1701),
(211, 1708),
(213, 1723),
(215, 1734),
(216, 1739),
(220, 1771),
(221, 1775),
(222, 1781),
(223, 1791),
(224, 1798),
(225, 1803),
(226, 1813),
(228, 1825),
(231, 1835),
(232, 1845),
(234, 1861),
(235, 1869),
(236, 1876),
(238, 1890),
(240, 1900),
(242, 1916),
(243, 1924),
(244, 1931),
(245, 1939),
(246, 1946),
(247, 1952),
(248, 1960),
(249, 1965),
(250, 1973),
(251, 1979),
(252, 1984),
(254, 2000),
(255, 2005),
(256, 2009),
(259, 2021),
(261, 2034),
(262, 2042),
(265, 2059),
(268, 2071),
(271, 2094),
(272, 2103),
(273, 2107),
(274, 2114),
(275, 2121),
(276, 2129),
(277, 2133),
(278, 2137),
(279, 2146),
(280, 2150),
(281, 2154),
(282, 2161),
(283, 2171),
(284, 2179),
(286, 2195),
(287, 2199),
(288, 2201),
(289, 2208);

-- --------------------------------------------------------

--
-- Structure de la table `Utilisateur`
--

CREATE TABLE `Utilisateur` (
  `id_utilisateur` int(11) NOT NULL,
  `login` varchar(30) NOT NULL,
  `mot_de_passe` varchar(255) NOT NULL,
  `admin` int(11) NOT NULL,
  `salt` varchar(255) NOT NULL
) ENGINE=InnoDB DEFAULT CHARSET=latin1;

--
-- Déchargement des données de la table `Utilisateur`
--

INSERT INTO `Utilisateur` (`id_utilisateur`, `login`, `mot_de_passe`, `admin`, `salt`) VALUES
(2, 'test', '$2a$10$8lYJu9EHPliYUhAsSwSJnO/7mvBNBa9pMu.jt3tzHya39ELE7juA.', 1, '$2a$10$8lYJu9EHPliYUhAsSwSJnYgQ');

--
-- Index pour les tables déchargées
--

--
-- Index pour la table `Film`
--
ALTER TABLE `Film`
  ADD PRIMARY KEY (`id_film`);

--
-- Index pour la table `Genre`
--
ALTER TABLE `Genre`
  ADD PRIMARY KEY (`id_genre`);

--
-- Index pour la table `genres2films`
--
ALTER TABLE `genres2films`
  ADD PRIMARY KEY (`id_genre`,`id_film`),
  ADD KEY `FK_genre` (`id_genre`),
  ADD KEY `FK_film` (`id_film`);

--
-- Index pour la table `joue`
--
ALTER TABLE `joue`
  ADD PRIMARY KEY (`id_personne`,`id_film`),
  ADD KEY `FK_film_joue` (`id_film`),
  ADD KEY `FK_personne_joue` (`id_personne`);

--
-- Index pour la table `note`
--
ALTER TABLE `note`
  ADD PRIMARY KEY (`id_utilisateur`,`id_film`),
  ADD KEY `FK_film_note` (`id_film`),
  ADD KEY `FK_utilisateur_note` (`id_utilisateur`);

--
-- Index pour la table `amis`
--
ALTER TABLE `amis`
  ADD PRIMARY KEY (`id_utilisateur1`,`id_utilisateur2`),
  ADD KEY `FK_utilisateur_amis1` (`id_utilisateur1`),
  ADD KEY `FK_utilisateur_amis2` (`id_utilisateur2`);
  
--
-- Index pour la table `commentaire`
--
ALTER TABLE `commentaire`
  ADD PRIMARY KEY (`id_utilisateur`,`id_film`),
  ADD KEY `FK_film_note` (`id_film`),
  ADD KEY `FK_utilisateur_note` (`id_utilisateur`);

--
-- Index pour la table `Personne`
--
ALTER TABLE `Personne`
  ADD PRIMARY KEY (`id_personne`);

--
-- Index pour la table `realise`
--
ALTER TABLE `realise`
  ADD PRIMARY KEY (`id_film`,`id_personne`),
  ADD KEY `FK_film_realise` (`id_film`),
  ADD KEY `FK_personne_realise` (`id_personne`);

--
-- Index pour la table `Utilisateur`
--
ALTER TABLE `Utilisateur`
  ADD PRIMARY KEY (`id_utilisateur`);

--
-- AUTO_INCREMENT pour les tables déchargées
--

--
-- AUTO_INCREMENT pour la table `Film`
--
ALTER TABLE `Film`
  MODIFY `id_film` int(15) NOT NULL AUTO_INCREMENT, AUTO_INCREMENT=291;

--
-- AUTO_INCREMENT pour la table `Personne`
--
ALTER TABLE `Personne`
  MODIFY `id_personne` int(15) NOT NULL AUTO_INCREMENT, AUTO_INCREMENT=2223;

--
-- AUTO_INCREMENT pour la table `Utilisateur`
--
ALTER TABLE `Utilisateur`
  MODIFY `id_utilisateur` int(11) NOT NULL AUTO_INCREMENT, AUTO_INCREMENT=4;

--
-- Contraintes pour les tables déchargées
--

--
-- Contraintes pour la table `genres2films`
--
ALTER TABLE `genres2films`
  ADD CONSTRAINT `FK_film` FOREIGN KEY (`id_film`) REFERENCES `Film` (`id_film`),
  ADD CONSTRAINT `FK_genre` FOREIGN KEY (`id_genre`) REFERENCES `Genre` (`id_genre`);

--
-- Contraintes pour la table `joue`
--
ALTER TABLE `joue`
  ADD CONSTRAINT `FK_film_joue` FOREIGN KEY (`id_film`) REFERENCES `Film` (`id_film`),
  ADD CONSTRAINT `FK_personne_joue` FOREIGN KEY (`id_personne`) REFERENCES `Personne` (`id_personne`);

--
-- Contraintes pour la table `note`
--
ALTER TABLE `note`
  ADD CONSTRAINT `FK_film_note` FOREIGN KEY (`id_film`) REFERENCES `Film` (`id_film`), 
  ADD CONSTRAINT `FK_utilisateur_note` FOREIGN KEY (`id_utilisateur`) REFERENCES `Utilisateur` (`id_utilisateur`);
  
--
-- Contraintes pour la table `amis`
--
ALTER TABLE `amis`
  ADD CONSTRAINT `FK_utilisateur_amis1` FOREIGN KEY (`id_utilisateur1`) REFERENCES `Utilisateur` (`id_utilisateur`), 
  ADD CONSTRAINT `FK_utilisateur_amis2` FOREIGN KEY (`id_utilisateur2`) REFERENCES `Utilisateur` (`id_utilisateur`);

--
-- Contraintes pour la table `commentaire`
--
ALTER TABLE `note`
  ADD CONSTRAINT `FK_film_commentaire` FOREIGN KEY (`id_film`) REFERENCES `Film` (`id_film`), 
  ADD CONSTRAINT `FK_utilisateur_commentaire` FOREIGN KEY (`id_utilisateur`) REFERENCES `Utilisateur` (`id_utilisateur`);

--
-- Contraintes pour la table `realise`
--
ALTER TABLE `realise`
  ADD CONSTRAINT `FK_film_realise` FOREIGN KEY (`id_film`) REFERENCES `film` (`id_film`),
  ADD CONSTRAINT `FK_personne_realise` FOREIGN KEY (`id_personne`) REFERENCES `personne` (`id_personne`);
  
COMMIT;

/*!40101 SET CHARACTER_SET_CLIENT=@OLD_CHARACTER_SET_CLIENT */;
/*!40101 SET CHARACTER_SET_RESULTS=@OLD_CHARACTER_SET_RESULTS */;
/*!40101 SET COLLATION_CONNECTION=@OLD_COLLATION_CONNECTION */;
